time,temperature_2m,relativehumidity_2m,windspeed_10m,extraction_time,city
2026-02-20T00:00,4.9,80,9.7,2026-02-20 00:03:12.753234,London
2026-02-20T01:00,4.7,83,7.9,2026-02-20 00:03:12.753234,London
2026-02-20T02:00,4.6,85,8.0,2026-02-20 00:03:12.753234,London
2026-02-20T03:00,4.7,85,8.5,2026-02-20 00:03:12.753234,London
2026-02-20T04:00,4.7,86,10.1,2026-02-20 00:03:12.753234,London
2026-02-20T05:00,4.5,88,9.3,2026-02-20 00:03:12.753234,London
2026-02-20T06:00,4.3,90,9.5,2026-02-20 00:03:12.753234,London
2026-02-20T07:00,4.6,88,8.5,2026-02-20 00:03:12.753234,London
2026-02-20T08:00,4.9,86,9.8,2026-02-20 00:03:12.753234,London
2026-02-20T09:00,5.8,81,10.4,2026-02-20 00:03:12.753234,London
2026-02-20T10:00,7.7,73,13.5,2026-02-20 00:03:12.753234,London
2026-02-20T11:00,9.2,70,17.7,2026-02-20 00:03:12.753234,London
2026-02-20T12:00,9.6,74,19.0,2026-02-20 00:03:12.753234,London
2026-02-20T13:00,9.8,77,20.5,2026-02-20 00:03:12.753234,London
2026-02-20T14:00,10.3,81,26.3,2026-02-20 00:03:12.753234,London
2026-02-20T15:00,11.2,81,20.4,2026-02-20 00:03:12.753234,London
2026-02-20T16:00,11.7,80,20.7,2026-02-20 00:03:12.753234,London
2026-02-20T17:00,11.7,80,17.9,2026-02-20 00:03:12.753234,London
2026-02-20T18:00,11.3,81,19.9,2026-02-20 00:03:12.753234,London
2026-02-20T19:00,11.1,72,20.5,2026-02-20 00:03:12.753234,London
2026-02-20T20:00,10.3,75,18.3,2026-02-20 00:03:12.753234,London
2026-02-20T21:00,9.8,78,17.3,2026-02-20 00:03:12.753234,London
2026-02-20T22:00,9.5,80,17.0,2026-02-20 00:03:12.753234,London
2026-02-20T23:00,9.1,82,16.3,2026-02-20 00:03:12.753234,London
2026-02-21T00:00,8.6,84,14.8,2026-02-20 00:03:12.753234,London
2026-02-21T01:00,8.3,85,14.6,2026-02-20 00:03:12.753234,London
2026-02-21T02:00,8.3,86,15.0,2026-02-20 00:03:12.753234,London
2026-02-21T03:00,8.3,87,15.5,2026-02-20 00:03:12.753234,London
2026-02-21T04:00,8.5,87,16.1,2026-02-20 00:03:12.753234,London
2026-02-21T05:00,8.7,87,14.2,2026-02-20 00:03:12.753234,London
2026-02-21T06:00,8.9,87,13.2,2026-02-20 00:03:12.753234,London
2026-02-21T07:00,9.0,87,13.5,2026-02-20 00:03:12.753234,London
2026-02-21T08:00,8.8,89,12.5,2026-02-20 00:03:12.753234,London
2026-02-21T09:00,9.1,87,12.6,2026-02-20 00:03:12.753234,London
2026-02-21T10:00,10.1,83,12.5,2026-02-20 00:03:12.753234,London
2026-02-21T11:00,11.7,77,13.2,2026-02-20 00:03:12.753234,London
2026-02-21T12:00,13.1,67,17.1,2026-02-20 00:03:12.753234,London
2026-02-21T13:00,14.0,65,16.6,2026-02-20 00:03:12.753234,London
2026-02-21T14:00,14.6,66,20.4,2026-02-20 00:03:12.753234,London
2026-02-21T15:00,14.5,69,16.8,2026-02-20 00:03:12.753234,London
2026-02-21T16:00,14.0,78,16.6,2026-02-20 00:03:12.753234,London
2026-02-21T17:00,13.2,85,17.3,2026-02-20 00:03:12.753234,London
2026-02-21T18:00,12.9,86,14.8,2026-02-20 00:03:12.753234,London
2026-02-21T19:00,12.4,88,17.0,2026-02-20 00:03:12.753234,London
2026-02-21T20:00,12.1,90,17.1,2026-02-20 00:03:12.753234,London
2026-02-21T21:00,12.0,90,17.5,2026-02-20 00:03:12.753234,London
2026-02-21T22:00,11.8,91,18.6,2026-02-20 00:03:12.753234,London
2026-02-21T23:00,11.7,91,18.1,2026-02-20 00:03:12.753234,London
2026-02-22T00:00,11.6,90,16.3,2026-02-20 00:03:12.753234,London
2026-02-22T01:00,11.5,89,18.4,2026-02-20 00:03:12.753234,London
2026-02-22T02:00,11.4,89,20.0,2026-02-20 00:03:12.753234,London
2026-02-22T03:00,11.5,89,17.9,2026-02-20 00:03:12.753234,London
2026-02-22T04:00,11.5,87,18.3,2026-02-20 00:03:12.753234,London
2026-02-22T05:00,11.3,88,17.7,2026-02-20 00:03:12.753234,London
2026-02-22T06:00,11.2,89,19.7,2026-02-20 00:03:12.753234,London
2026-02-22T07:00,11.2,90,18.1,2026-02-20 00:03:12.753234,London
2026-02-22T08:00,11.3,91,17.3,2026-02-20 00:03:12.753234,London
2026-02-22T09:00,11.5,91,18.1,2026-02-20 00:03:12.753234,London
2026-02-22T10:00,11.8,90,17.8,2026-02-20 00:03:12.753234,London
2026-02-22T11:00,12.2,87,21.3,2026-02-20 00:03:12.753234,London
2026-02-22T12:00,12.7,85,20.8,2026-02-20 00:03:12.753234,London
2026-02-22T13:00,13.6,78,18.4,2026-02-20 00:03:12.753234,London
2026-02-22T14:00,14.1,72,17.9,2026-02-20 00:03:12.753234,London
2026-02-22T15:00,14.1,67,17.1,2026-02-20 00:03:12.753234,London
2026-02-22T16:00,13.3,66,16.5,2026-02-20 00:03:12.753234,London
2026-02-22T17:00,12.4,70,13.2,2026-02-20 00:03:12.753234,London
2026-02-22T18:00,11.4,78,10.3,2026-02-20 00:03:12.753234,London
2026-02-22T19:00,10.7,82,10.9,2026-02-20 00:03:12.753234,London
2026-02-22T20:00,10.1,86,11.7,2026-02-20 00:03:12.753234,London
2026-02-22T21:00,9.8,89,14.6,2026-02-20 00:03:12.753234,London
2026-02-22T22:00,9.4,89,15.5,2026-02-20 00:03:12.753234,London
2026-02-22T23:00,9.2,87,15.5,2026-02-20 00:03:12.753234,London
2026-02-23T00:00,8.8,88,14.8,2026-02-20 00:03:12.753234,London
2026-02-23T01:00,8.7,88,15.1,2026-02-20 00:03:12.753234,London
2026-02-23T02:00,8.6,88,15.9,2026-02-20 00:03:12.753234,London
2026-02-23T03:00,8.5,88,16.2,2026-02-20 00:03:12.753234,London
2026-02-23T04:00,8.5,88,16.0,2026-02-20 00:03:12.753234,London
2026-02-23T05:00,8.4,88,15.8,2026-02-20 00:03:12.753234,London
2026-02-23T06:00,8.5,87,15.8,2026-02-20 00:03:12.753234,London
2026-02-23T07:00,8.7,86,16.6,2026-02-20 00:03:12.753234,London
2026-02-23T08:00,9.0,85,17.4,2026-02-20 00:03:12.753234,London
2026-02-23T09:00,9.5,82,18.6,2026-02-20 00:03:12.753234,London
2026-02-23T10:00,10.2,78,20.6,2026-02-20 00:03:12.753234,London
2026-02-23T11:00,11.1,72,22.9,2026-02-20 00:03:12.753234,London
2026-02-23T12:00,11.8,67,24.6,2026-02-20 00:03:12.753234,London
2026-02-23T13:00,12.4,62,25.2,2026-02-20 00:03:12.753234,London
2026-02-23T14:00,12.7,58,24.3,2026-02-20 00:03:12.753234,London
2026-02-23T15:00,12.8,57,22.8,2026-02-20 00:03:12.753234,London
2026-02-23T16:00,12.3,60,19.6,2026-02-20 00:03:12.753234,London
2026-02-23T17:00,11.4,66,15.1,2026-02-20 00:03:12.753234,London
2026-02-23T18:00,10.6,72,11.8,2026-02-20 00:03:12.753234,London
2026-02-23T19:00,9.8,78,10.5,2026-02-20 00:03:12.753234,London
2026-02-23T20:00,9.1,85,10.5,2026-02-20 00:03:12.753234,London
2026-02-23T21:00,8.5,90,10.5,2026-02-20 00:03:12.753234,London
2026-02-23T22:00,8.2,92,10.1,2026-02-20 00:03:12.753234,London
2026-02-23T23:00,8.0,93,9.5,2026-02-20 00:03:12.753234,London
2026-02-24T00:00,8.0,93,9.3,2026-02-20 00:03:12.753234,London
2026-02-24T01:00,8.4,94,9.3,2026-02-20 00:03:12.753234,London
2026-02-24T02:00,9.0,95,10.0,2026-02-20 00:03:12.753234,London
2026-02-24T03:00,9.6,96,10.7,2026-02-20 00:03:12.753234,London
2026-02-24T04:00,10.2,96,12.1,2026-02-20 00:03:12.753234,London
2026-02-24T05:00,10.7,96,13.8,2026-02-20 00:03:12.753234,London
2026-02-24T06:00,11.1,95,15.6,2026-02-20 00:03:12.753234,London
2026-02-24T07:00,11.3,92,17.1,2026-02-20 00:03:12.753234,London
2026-02-24T08:00,11.4,87,18.4,2026-02-20 00:03:12.753234,London
2026-02-24T09:00,11.4,83,19.7,2026-02-20 00:03:12.753234,London
2026-02-24T10:00,11.3,80,21.4,2026-02-20 00:03:12.753234,London
2026-02-24T11:00,11.1,78,23.3,2026-02-20 00:03:12.753234,London
2026-02-24T12:00,11.0,76,24.0,2026-02-20 00:03:12.753234,London
2026-02-24T13:00,11.2,75,23.3,2026-02-20 00:03:12.753234,London
2026-02-24T14:00,11.6,74,21.7,2026-02-20 00:03:12.753234,London
2026-02-24T15:00,11.7,74,19.5,2026-02-20 00:03:12.753234,London
2026-02-24T16:00,11.6,76,16.5,2026-02-20 00:03:12.753234,London
2026-02-24T17:00,11.2,80,14.0,2026-02-20 00:03:12.753234,London
2026-02-24T18:00,11.0,83,12.4,2026-02-20 00:03:12.753234,London
2026-02-24T19:00,11.4,83,14.4,2026-02-20 00:03:12.753234,London
2026-02-24T20:00,11.1,85,13.3,2026-02-20 00:03:12.753234,London
2026-02-24T21:00,10.9,87,13.2,2026-02-20 00:03:12.753234,London
2026-02-24T22:00,11.0,87,14.2,2026-02-20 00:03:12.753234,London
2026-02-24T23:00,11.1,86,16.1,2026-02-20 00:03:12.753234,London
2026-02-25T00:00,11.2,86,17.2,2026-02-20 00:03:12.753234,London
2026-02-25T01:00,11.2,86,17.3,2026-02-20 00:03:12.753234,London
2026-02-25T02:00,11.2,87,16.7,2026-02-20 00:03:12.753234,London
2026-02-25T03:00,11.1,88,15.7,2026-02-20 00:03:12.753234,London
2026-02-25T04:00,11.0,89,14.6,2026-02-20 00:03:12.753234,London
2026-02-25T05:00,10.9,90,13.0,2026-02-20 00:03:12.753234,London
2026-02-25T06:00,10.8,91,11.8,2026-02-20 00:03:12.753234,London
2026-02-25T07:00,10.8,92,12.0,2026-02-20 00:03:12.753234,London
2026-02-25T08:00,10.8,93,12.4,2026-02-20 00:03:12.753234,London
2026-02-25T09:00,11.1,92,12.9,2026-02-20 00:03:12.753234,London
2026-02-25T10:00,11.9,88,13.5,2026-02-20 00:03:12.753234,London
2026-02-25T11:00,12.9,81,14.5,2026-02-20 00:03:12.753234,London
2026-02-25T12:00,13.7,76,15.3,2026-02-20 00:03:12.753234,London
2026-02-25T13:00,14.2,72,15.8,2026-02-20 00:03:12.753234,London
2026-02-25T14:00,14.5,68,16.0,2026-02-20 00:03:12.753234,London
2026-02-25T15:00,14.5,67,16.1,2026-02-20 00:03:12.753234,London
2026-02-25T16:00,13.8,69,15.9,2026-02-20 00:03:12.753234,London
2026-02-25T17:00,12.8,74,15.3,2026-02-20 00:03:12.753234,London
2026-02-25T18:00,11.9,79,14.8,2026-02-20 00:03:12.753234,London
2026-02-25T19:00,11.1,84,14.1,2026-02-20 00:03:12.753234,London
2026-02-25T20:00,10.4,89,13.0,2026-02-20 00:03:12.753234,London
2026-02-25T21:00,9.8,92,12.5,2026-02-20 00:03:12.753234,London
2026-02-25T22:00,9.5,93,12.5,2026-02-20 00:03:12.753234,London
2026-02-25T23:00,9.4,93,12.8,2026-02-20 00:03:12.753234,London
2026-02-26T00:00,9.4,92,13.0,2026-02-20 00:03:12.753234,London
2026-02-26T01:00,9.3,90,13.0,2026-02-20 00:03:12.753234,London
2026-02-26T02:00,9.4,87,12.7,2026-02-20 00:03:12.753234,London
2026-02-26T03:00,9.3,85,12.7,2026-02-20 00:03:12.753234,London
2026-02-26T04:00,9.1,87,13.0,2026-02-20 00:03:12.753234,London
2026-02-26T05:00,8.9,90,13.5,2026-02-20 00:03:12.753234,London
2026-02-26T06:00,8.8,91,14.6,2026-02-20 00:03:12.753234,London
2026-02-26T07:00,9.1,89,16.8,2026-02-20 00:03:12.753234,London
2026-02-26T08:00,9.6,85,19.5,2026-02-20 00:03:12.753234,London
2026-02-26T09:00,9.9,83,22.0,2026-02-20 00:03:12.753234,London
2026-02-26T10:00,9.9,84,24.1,2026-02-20 00:03:12.753234,London
2026-02-26T11:00,9.8,86,26.5,2026-02-20 00:03:12.753234,London
2026-02-26T12:00,9.9,87,27.6,2026-02-20 00:03:12.753234,London
2026-02-26T13:00,10.4,87,26.7,2026-02-20 00:03:12.753234,London
2026-02-26T14:00,11.1,87,25.3,2026-02-20 00:03:12.753234,London
2026-02-26T15:00,11.6,85,24.4,2026-02-20 00:03:12.753234,London
2026-02-26T16:00,11.7,81,23.8,2026-02-20 00:03:12.753234,London
2026-02-26T17:00,11.6,75,23.2,2026-02-20 00:03:12.753234,London
2026-02-26T18:00,11.3,71,23.5,2026-02-20 00:03:12.753234,London
2026-02-26T19:00,10.7,70,25.1,2026-02-20 00:03:12.753234,London
2026-02-26T20:00,9.9,69,26.6,2026-02-20 00:03:12.753234,London
2026-02-26T21:00,9.1,69,27.4,2026-02-20 00:03:12.753234,London
2026-02-26T22:00,8.4,68,26.1,2026-02-20 00:03:12.753234,London
2026-02-26T23:00,7.7,66,23.8,2026-02-20 00:03:12.753234,London
2026-02-13T00:00,3.1,82,15.2,2026-02-13 18:21:34.556608,Manchester
2026-02-13T01:00,3.2,82,13.9,2026-02-13 18:21:34.556608,Manchester
2026-02-13T02:00,3.6,77,11.7,2026-02-13 18:21:34.556608,Manchester
2026-02-13T03:00,2.7,81,14.6,2026-02-13 18:21:34.556608,Manchester
2026-02-13T04:00,2.9,78,15.9,2026-02-13 18:21:34.556608,Manchester
2026-02-13T05:00,3.0,78,16.0,2026-02-13 18:21:34.556608,Manchester
2026-02-13T06:00,2.8,77,15.7,2026-02-13 18:21:34.556608,Manchester
2026-02-13T07:00,2.9,78,15.4,2026-02-13 18:21:34.556608,Manchester
2026-02-13T08:00,2.9,79,16.3,2026-02-13 18:21:34.556608,Manchester
2026-02-13T09:00,3.3,78,18.1,2026-02-13 18:21:34.556608,Manchester
2026-02-13T10:00,3.6,76,19.3,2026-02-13 18:21:34.556608,Manchester
2026-02-13T11:00,3.6,76,18.9,2026-02-13 18:21:34.556608,Manchester
2026-02-13T12:00,3.7,76,17.8,2026-02-13 18:21:34.556608,Manchester
2026-02-13T13:00,3.6,74,20.6,2026-02-13 18:21:34.556608,Manchester
2026-02-13T14:00,3.9,73,18.6,2026-02-13 18:21:34.556608,Manchester
2026-02-13T15:00,3.4,72,17.1,2026-02-13 18:21:34.556608,Manchester
2026-02-13T16:00,3.5,72,17.3,2026-02-13 18:21:34.556608,Manchester
2026-02-13T17:00,3.3,72,13.5,2026-02-13 18:21:34.556608,Manchester
2026-02-13T18:00,3.0,72,10.7,2026-02-13 18:21:34.556608,Manchester
2026-02-13T19:00,2.6,75,11.9,2026-02-13 18:21:34.556608,Manchester
2026-02-13T20:00,2.3,77,11.0,2026-02-13 18:21:34.556608,Manchester
2026-02-13T21:00,1.9,79,11.7,2026-02-13 18:21:34.556608,Manchester
2026-02-13T22:00,1.5,80,10.4,2026-02-13 18:21:34.556608,Manchester
2026-02-13T23:00,1.3,81,8.3,2026-02-13 18:21:34.556608,Manchester
2026-02-14T00:00,1.0,82,5.1,2026-02-13 18:21:34.556608,Manchester
2026-02-14T01:00,0.7,83,5.2,2026-02-13 18:21:34.556608,Manchester
2026-02-14T02:00,0.4,84,4.3,2026-02-13 18:21:34.556608,Manchester
2026-02-14T03:00,0.3,82,4.1,2026-02-13 18:21:34.556608,Manchester
2026-02-14T04:00,0.2,80,3.1,2026-02-13 18:21:34.556608,Manchester
2026-02-14T05:00,0.0,79,2.3,2026-02-13 18:21:34.556608,Manchester
2026-02-14T06:00,-0.1,80,1.1,2026-02-13 18:21:34.556608,Manchester
2026-02-14T07:00,-0.4,83,2.6,2026-02-13 18:21:34.556608,Manchester
2026-02-14T08:00,-0.6,85,2.6,2026-02-13 18:21:34.556608,Manchester
2026-02-14T09:00,-0.4,85,3.1,2026-02-13 18:21:34.556608,Manchester
2026-02-14T10:00,0.6,80,3.1,2026-02-13 18:21:34.556608,Manchester
2026-02-14T11:00,1.9,74,2.4,2026-02-13 18:21:34.556608,Manchester
2026-02-14T12:00,3.3,69,2.2,2026-02-13 18:21:34.556608,Manchester
2026-02-14T13:00,4.4,68,4.2,2026-02-13 18:21:34.556608,Manchester
2026-02-14T14:00,5.4,65,4.6,2026-02-13 18:21:34.556608,Manchester
2026-02-14T15:00,6.1,57,5.3,2026-02-13 18:21:34.556608,Manchester
2026-02-14T16:00,6.2,52,8.1,2026-02-13 18:21:34.556608,Manchester
2026-02-14T17:00,5.6,59,7.7,2026-02-13 18:21:34.556608,Manchester
2026-02-14T18:00,4.7,69,7.4,2026-02-13 18:21:34.556608,Manchester
2026-02-14T19:00,4.0,71,8.4,2026-02-13 18:21:34.556608,Manchester
2026-02-14T20:00,3.5,72,9.5,2026-02-13 18:21:34.556608,Manchester
2026-02-14T21:00,3.3,74,11.1,2026-02-13 18:21:34.556608,Manchester
2026-02-14T22:00,3.2,70,11.9,2026-02-13 18:21:34.556608,Manchester
2026-02-14T23:00,3.0,69,14.4,2026-02-13 18:21:34.556608,Manchester
2026-02-15T00:00,2.6,75,16.2,2026-02-13 18:21:34.556608,Manchester
2026-02-15T01:00,1.5,90,15.7,2026-02-13 18:21:34.556608,Manchester
2026-02-15T02:00,1.7,87,17.6,2026-02-13 18:21:34.556608,Manchester
2026-02-15T03:00,2.4,83,19.3,2026-02-13 18:21:34.556608,Manchester
2026-02-15T04:00,2.7,83,20.5,2026-02-13 18:21:34.556608,Manchester
2026-02-15T05:00,2.9,84,19.1,2026-02-13 18:21:34.556608,Manchester
2026-02-15T06:00,3.3,84,17.1,2026-02-13 18:21:34.556608,Manchester
2026-02-15T07:00,3.5,85,15.0,2026-02-13 18:21:34.556608,Manchester
2026-02-15T08:00,3.9,86,13.4,2026-02-13 18:21:34.556608,Manchester
2026-02-15T09:00,4.4,86,13.8,2026-02-13 18:21:34.556608,Manchester
2026-02-15T10:00,5.0,86,12.4,2026-02-13 18:21:34.556608,Manchester
2026-02-15T11:00,5.4,85,12.6,2026-02-13 18:21:34.556608,Manchester
2026-02-15T12:00,5.9,84,10.8,2026-02-13 18:21:34.556608,Manchester
2026-02-15T13:00,6.0,86,8.1,2026-02-13 18:21:34.556608,Manchester
2026-02-15T14:00,5.8,90,5.1,2026-02-13 18:21:34.556608,Manchester
2026-02-15T15:00,5.4,93,4.5,2026-02-13 18:21:34.556608,Manchester
2026-02-15T16:00,5.1,95,1.3,2026-02-13 18:21:34.556608,Manchester
2026-02-15T17:00,4.9,96,1.8,2026-02-13 18:21:34.556608,Manchester
2026-02-15T18:00,4.6,97,5.2,2026-02-13 18:21:34.556608,Manchester
2026-02-15T19:00,4.5,97,1.8,2026-02-13 18:21:34.556608,Manchester
2026-02-15T20:00,4.4,98,6.9,2026-02-13 18:21:34.556608,Manchester
2026-02-15T21:00,4.6,98,8.1,2026-02-13 18:21:34.556608,Manchester
2026-02-15T22:00,5.1,94,10.8,2026-02-13 18:21:34.556608,Manchester
2026-02-15T23:00,5.2,91,12.2,2026-02-13 18:21:34.556608,Manchester
2026-02-16T00:00,5.2,90,14.8,2026-02-13 18:21:34.556608,Manchester
2026-02-16T01:00,5.2,90,16.6,2026-02-13 18:21:34.556608,Manchester
2026-02-16T02:00,5.0,92,16.6,2026-02-13 18:21:34.556608,Manchester
2026-02-16T03:00,5.0,89,18.4,2026-02-13 18:21:34.556608,Manchester
2026-02-16T04:00,4.9,88,17.7,2026-02-13 18:21:34.556608,Manchester
2026-02-16T05:00,4.7,87,14.8,2026-02-13 18:21:34.556608,Manchester
2026-02-16T06:00,4.5,88,15.6,2026-02-13 18:21:34.556608,Manchester
2026-02-16T07:00,4.4,90,15.5,2026-02-13 18:21:34.556608,Manchester
2026-02-16T08:00,4.4,90,15.2,2026-02-13 18:21:34.556608,Manchester
2026-02-16T09:00,4.7,90,14.6,2026-02-13 18:21:34.556608,Manchester
2026-02-16T10:00,5.3,84,16.1,2026-02-13 18:21:34.556608,Manchester
2026-02-16T11:00,6.1,79,17.9,2026-02-13 18:21:34.556608,Manchester
2026-02-16T12:00,6.2,83,15.7,2026-02-13 18:21:34.556608,Manchester
2026-02-16T13:00,6.7,78,16.6,2026-02-13 18:21:34.556608,Manchester
2026-02-16T14:00,7.2,73,16.5,2026-02-13 18:21:34.556608,Manchester
2026-02-16T15:00,7.3,72,15.5,2026-02-13 18:21:34.556608,Manchester
2026-02-16T16:00,7.1,71,14.5,2026-02-13 18:21:34.556608,Manchester
2026-02-16T17:00,6.2,79,11.8,2026-02-13 18:21:34.556608,Manchester
2026-02-16T18:00,5.0,88,8.0,2026-02-13 18:21:34.556608,Manchester
2026-02-16T19:00,4.3,91,6.5,2026-02-13 18:21:34.556608,Manchester
2026-02-16T20:00,3.6,93,5.2,2026-02-13 18:21:34.556608,Manchester
2026-02-16T21:00,3.1,95,4.0,2026-02-13 18:21:34.556608,Manchester
2026-02-16T22:00,2.8,96,2.3,2026-02-13 18:21:34.556608,Manchester
2026-02-16T23:00,2.7,97,0.7,2026-02-13 18:21:34.556608,Manchester
2026-02-17T00:00,2.5,97,1.6,2026-02-13 18:21:34.556608,Manchester
2026-02-17T01:00,2.1,98,2.5,2026-02-13 18:21:34.556608,Manchester
2026-02-17T02:00,1.6,98,3.1,2026-02-13 18:21:34.556608,Manchester
2026-02-17T03:00,1.2,99,3.9,2026-02-13 18:21:34.556608,Manchester
2026-02-17T04:00,0.8,100,4.1,2026-02-13 18:21:34.556608,Manchester
2026-02-17T05:00,0.4,100,3.9,2026-02-13 18:21:34.556608,Manchester
2026-02-17T06:00,0.2,99,3.7,2026-02-13 18:21:34.556608,Manchester
2026-02-17T07:00,0.3,96,3.9,2026-02-13 18:21:34.556608,Manchester
2026-02-17T08:00,0.5,92,3.6,2026-02-13 18:21:34.556608,Manchester
2026-02-17T09:00,1.1,87,3.7,2026-02-13 18:21:34.556608,Manchester
2026-02-17T10:00,2.5,80,4.3,2026-02-13 18:21:34.556608,Manchester
2026-02-17T11:00,4.2,72,5.7,2026-02-13 18:21:34.556608,Manchester
2026-02-17T12:00,5.5,66,7.7,2026-02-13 18:21:34.556608,Manchester
2026-02-17T13:00,6.1,63,9.9,2026-02-13 18:21:34.556608,Manchester
2026-02-17T14:00,6.2,62,12.3,2026-02-13 18:21:34.556608,Manchester
2026-02-17T15:00,6.1,62,13.8,2026-02-13 18:21:34.556608,Manchester
2026-02-17T16:00,5.6,65,14.4,2026-02-13 18:21:34.556608,Manchester
2026-02-17T17:00,4.9,70,14.1,2026-02-13 18:21:34.556608,Manchester
2026-02-17T18:00,4.4,74,14.7,2026-02-13 18:21:34.556608,Manchester
2026-02-17T19:00,4.2,76,17.0,2026-02-13 18:21:34.556608,Manchester
2026-02-17T20:00,4.1,77,20.3,2026-02-13 18:21:34.556608,Manchester
2026-02-17T21:00,4.0,78,22.4,2026-02-13 18:21:34.556608,Manchester
2026-02-17T22:00,3.8,80,22.6,2026-02-13 18:21:34.556608,Manchester
2026-02-17T23:00,3.6,83,22.4,2026-02-13 18:21:34.556608,Manchester
2026-02-18T00:00,3.4,85,22.6,2026-02-13 18:21:34.556608,Manchester
2026-02-18T01:00,3.2,85,25.0,2026-02-13 18:21:34.556608,Manchester
2026-02-18T02:00,3.0,85,28.3,2026-02-13 18:21:34.556608,Manchester
2026-02-18T03:00,3.1,85,29.4,2026-02-13 18:21:34.556608,Manchester
2026-02-18T04:00,3.9,86,25.8,2026-02-13 18:21:34.556608,Manchester
2026-02-18T05:00,5.0,88,20.1,2026-02-13 18:21:34.556608,Manchester
2026-02-18T06:00,5.9,89,16.4,2026-02-13 18:21:34.556608,Manchester
2026-02-18T07:00,6.4,87,17.8,2026-02-13 18:21:34.556608,Manchester
2026-02-18T08:00,6.6,84,21.4,2026-02-13 18:21:34.556608,Manchester
2026-02-18T09:00,6.9,82,22.6,2026-02-13 18:21:34.556608,Manchester
2026-02-18T10:00,7.5,82,20.6,2026-02-13 18:21:34.556608,Manchester
2026-02-18T11:00,8.2,84,21.2,2026-02-13 18:21:34.556608,Manchester
2026-02-18T12:00,8.6,84,24.8,2026-02-13 18:21:34.556608,Manchester
2026-02-18T13:00,8.5,83,26.8,2026-02-13 18:21:34.556608,Manchester
2026-02-18T14:00,8.1,81,27.4,2026-02-13 18:21:34.556608,Manchester
2026-02-18T15:00,7.6,81,28.4,2026-02-13 18:21:34.556608,Manchester
2026-02-18T16:00,6.9,83,28.6,2026-02-13 18:21:34.556608,Manchester
2026-02-18T17:00,6.2,86,28.3,2026-02-13 18:21:34.556608,Manchester
2026-02-18T18:00,5.6,88,27.2,2026-02-13 18:21:34.556608,Manchester
2026-02-18T19:00,5.4,89,26.1,2026-02-13 18:21:34.556608,Manchester
2026-02-18T20:00,5.3,89,24.6,2026-02-13 18:21:34.556608,Manchester
2026-02-18T21:00,5.2,89,22.9,2026-02-13 18:21:34.556608,Manchester
2026-02-18T22:00,5.2,90,20.5,2026-02-13 18:21:34.556608,Manchester
2026-02-18T23:00,5.2,92,17.6,2026-02-13 18:21:34.556608,Manchester
2026-02-19T00:00,5.2,93,14.9,2026-02-13 18:21:34.556608,Manchester
2026-02-19T01:00,4.9,92,12.6,2026-02-13 18:21:34.556608,Manchester
2026-02-19T02:00,4.5,91,11.2,2026-02-13 18:21:34.556608,Manchester
2026-02-19T03:00,4.2,90,10.5,2026-02-13 18:21:34.556608,Manchester
2026-02-19T04:00,4.0,90,11.2,2026-02-13 18:21:34.556608,Manchester
2026-02-19T05:00,3.8,90,12.3,2026-02-13 18:21:34.556608,Manchester
2026-02-19T06:00,3.7,89,13.7,2026-02-13 18:21:34.556608,Manchester
2026-02-19T07:00,3.7,88,15.6,2026-02-13 18:21:34.556608,Manchester
2026-02-19T08:00,3.9,86,18.2,2026-02-13 18:21:34.556608,Manchester
2026-02-19T09:00,4.2,83,19.9,2026-02-13 18:21:34.556608,Manchester
2026-02-19T10:00,4.8,79,20.7,2026-02-13 18:21:34.556608,Manchester
2026-02-19T11:00,5.6,74,21.3,2026-02-13 18:21:34.556608,Manchester
2026-02-19T12:00,6.1,70,22.3,2026-02-13 18:21:34.556608,Manchester
2026-02-19T13:00,6.1,68,23.5,2026-02-13 18:21:34.556608,Manchester
2026-02-19T14:00,5.9,68,25.1,2026-02-13 18:21:34.556608,Manchester
2026-02-19T15:00,5.5,68,26.0,2026-02-13 18:21:34.556608,Manchester
2026-02-19T16:00,5.1,69,26.3,2026-02-13 18:21:34.556608,Manchester
2026-02-19T17:00,4.7,71,25.6,2026-02-13 18:21:34.556608,Manchester
2026-02-19T18:00,4.3,71,24.5,2026-02-13 18:21:34.556608,Manchester
2026-02-19T19:00,3.9,69,22.3,2026-02-13 18:21:34.556608,Manchester
2026-02-19T20:00,3.6,65,19.4,2026-02-13 18:21:34.556608,Manchester
2026-02-19T21:00,3.3,63,16.9,2026-02-13 18:21:34.556608,Manchester
2026-02-19T22:00,3.1,64,15.1,2026-02-13 18:21:34.556608,Manchester
2026-02-19T23:00,2.9,68,13.7,2026-02-13 18:21:34.556608,Manchester
2026-02-17T00:00,6.6,71,13.9,2026-02-17 00:05:05.881521,London
2026-02-17T01:00,6.0,68,14.1,2026-02-17 00:05:05.881521,London
2026-02-17T02:00,5.4,63,15.5,2026-02-17 00:05:05.881521,London
2026-02-17T03:00,4.9,64,15.1,2026-02-17 00:05:05.881521,London
2026-02-17T04:00,4.3,65,14.5,2026-02-17 00:05:05.881521,London
2026-02-17T05:00,3.8,67,13.5,2026-02-17 00:05:05.881521,London
2026-02-17T06:00,3.3,69,12.6,2026-02-17 00:05:05.881521,London
2026-02-17T07:00,2.9,71,11.9,2026-02-17 00:05:05.881521,London
2026-02-17T08:00,2.6,74,10.2,2026-02-17 00:05:05.881521,London
2026-02-17T09:00,3.0,73,9.8,2026-02-17 00:05:05.881521,London
2026-02-17T10:00,3.8,69,8.7,2026-02-17 00:05:05.881521,London
2026-02-17T11:00,5.0,62,9.0,2026-02-17 00:05:05.881521,London
2026-02-17T12:00,5.9,56,9.4,2026-02-17 00:05:05.881521,London
2026-02-17T13:00,6.6,52,9.2,2026-02-17 00:05:05.881521,London
2026-02-17T14:00,6.8,50,8.6,2026-02-17 00:05:05.881521,London
2026-02-17T15:00,6.9,50,7.7,2026-02-17 00:05:05.881521,London
2026-02-17T16:00,6.7,49,6.6,2026-02-17 00:05:05.881521,London
2026-02-17T17:00,6.3,49,5.8,2026-02-17 00:05:05.881521,London
2026-02-17T18:00,5.8,47,7.4,2026-02-17 00:05:05.881521,London
2026-02-17T19:00,5.1,53,8.4,2026-02-17 00:05:05.881521,London
2026-02-17T20:00,4.5,60,8.6,2026-02-17 00:05:05.881521,London
2026-02-17T21:00,4.0,63,8.9,2026-02-17 00:05:05.881521,London
2026-02-17T22:00,3.6,66,8.8,2026-02-17 00:05:05.881521,London
2026-02-17T23:00,3.4,65,7.3,2026-02-17 00:05:05.881521,London
2026-02-18T00:00,3.2,67,7.9,2026-02-17 00:05:05.881521,London
2026-02-18T01:00,3.0,69,8.6,2026-02-17 00:05:05.881521,London
2026-02-18T02:00,3.0,69,7.8,2026-02-17 00:05:05.881521,London
2026-02-18T03:00,2.8,70,9.4,2026-02-17 00:05:05.881521,London
2026-02-18T04:00,2.6,74,10.0,2026-02-17 00:05:05.881521,London
2026-02-18T05:00,2.3,79,7.0,2026-02-17 00:05:05.881521,London
2026-02-18T06:00,2.2,84,8.0,2026-02-17 00:05:05.881521,London
2026-02-18T07:00,2.3,85,9.2,2026-02-17 00:05:05.881521,London
2026-02-18T08:00,3.2,84,8.0,2026-02-17 00:05:05.881521,London
2026-02-18T09:00,4.6,72,11.3,2026-02-17 00:05:05.881521,London
2026-02-18T10:00,4.9,73,14.5,2026-02-17 00:05:05.881521,London
2026-02-18T11:00,5.1,66,16.0,2026-02-17 00:05:05.881521,London
2026-02-18T12:00,4.9,61,18.4,2026-02-17 00:05:05.881521,London
2026-02-18T13:00,4.7,58,19.2,2026-02-17 00:05:05.881521,London
2026-02-18T14:00,4.7,69,20.3,2026-02-17 00:05:05.881521,London
2026-02-18T15:00,4.6,69,20.9,2026-02-17 00:05:05.881521,London
2026-02-18T16:00,4.3,69,21.6,2026-02-17 00:05:05.881521,London
2026-02-18T17:00,4.4,66,22.3,2026-02-17 00:05:05.881521,London
2026-02-18T18:00,4.4,70,22.7,2026-02-17 00:05:05.881521,London
2026-02-18T19:00,4.4,72,24.0,2026-02-17 00:05:05.881521,London
2026-02-18T20:00,4.0,77,23.4,2026-02-17 00:05:05.881521,London
2026-02-18T21:00,3.6,82,22.6,2026-02-17 00:05:05.881521,London
2026-02-18T22:00,3.5,85,21.6,2026-02-17 00:05:05.881521,London
2026-02-18T23:00,3.5,86,20.2,2026-02-17 00:05:05.881521,London
2026-02-19T00:00,3.6,87,20.0,2026-02-17 00:05:05.881521,London
2026-02-19T01:00,3.6,88,19.8,2026-02-17 00:05:05.881521,London
2026-02-19T02:00,3.8,87,18.6,2026-02-17 00:05:05.881521,London
2026-02-19T03:00,4.1,86,18.6,2026-02-17 00:05:05.881521,London
2026-02-19T04:00,4.2,84,19.1,2026-02-17 00:05:05.881521,London
2026-02-19T05:00,4.3,81,19.8,2026-02-17 00:05:05.881521,London
2026-02-19T06:00,4.4,79,18.7,2026-02-17 00:05:05.881521,London
2026-02-19T07:00,4.6,77,18.2,2026-02-17 00:05:05.881521,London
2026-02-19T08:00,4.7,74,18.6,2026-02-17 00:05:05.881521,London
2026-02-19T09:00,5.0,68,19.0,2026-02-17 00:05:05.881521,London
2026-02-19T10:00,5.8,61,19.0,2026-02-17 00:05:05.881521,London
2026-02-19T11:00,6.7,50,20.6,2026-02-17 00:05:05.881521,London
2026-02-19T12:00,7.1,48,21.1,2026-02-17 00:05:05.881521,London
2026-02-19T13:00,7.5,46,20.5,2026-02-17 00:05:05.881521,London
2026-02-19T14:00,7.6,48,19.0,2026-02-17 00:05:05.881521,London
2026-02-19T15:00,7.3,48,17.2,2026-02-17 00:05:05.881521,London
2026-02-19T16:00,6.7,48,15.2,2026-02-17 00:05:05.881521,London
2026-02-19T17:00,5.6,52,13.8,2026-02-17 00:05:05.881521,London
2026-02-19T18:00,4.4,59,13.4,2026-02-17 00:05:05.881521,London
2026-02-19T19:00,3.4,68,10.3,2026-02-17 00:05:05.881521,London
2026-02-19T20:00,2.5,75,5.5,2026-02-17 00:05:05.881521,London
2026-02-19T21:00,1.7,78,6.9,2026-02-17 00:05:05.881521,London
2026-02-19T22:00,1.2,82,4.9,2026-02-17 00:05:05.881521,London
2026-02-19T23:00,0.8,86,5.8,2026-02-17 00:05:05.881521,London
2026-02-20T00:00,1.3,80,3.9,2026-02-17 00:05:05.881521,London
2026-02-20T01:00,1.0,80,3.4,2026-02-17 00:05:05.881521,London
2026-02-20T02:00,0.8,79,2.3,2026-02-17 00:05:05.881521,London
2026-02-20T03:00,0.6,78,1.8,2026-02-17 00:05:05.881521,London
2026-02-20T04:00,0.4,78,1.9,2026-02-17 00:05:05.881521,London
2026-02-20T05:00,0.3,77,2.6,2026-02-17 00:05:05.881521,London
2026-02-20T06:00,0.4,78,3.3,2026-02-17 00:05:05.881521,London
2026-02-20T07:00,0.6,81,3.6,2026-02-17 00:05:05.881521,London
2026-02-20T08:00,1.0,84,4.0,2026-02-17 00:05:05.881521,London
2026-02-20T09:00,1.8,85,4.7,2026-02-17 00:05:05.881521,London
2026-02-20T10:00,3.3,82,6.6,2026-02-17 00:05:05.881521,London
2026-02-20T11:00,5.2,76,9.4,2026-02-17 00:05:05.881521,London
2026-02-20T12:00,6.9,72,11.6,2026-02-17 00:05:05.881521,London
2026-02-20T13:00,8.2,72,12.9,2026-02-17 00:05:05.881521,London
2026-02-20T14:00,9.3,74,14.1,2026-02-17 00:05:05.881521,London
2026-02-20T15:00,10.1,76,15.0,2026-02-17 00:05:05.881521,London
2026-02-20T16:00,10.3,79,15.5,2026-02-17 00:05:05.881521,London
2026-02-20T17:00,10.2,82,15.8,2026-02-17 00:05:05.881521,London
2026-02-20T18:00,10.1,85,16.0,2026-02-17 00:05:05.881521,London
2026-02-20T19:00,10.3,86,16.4,2026-02-17 00:05:05.881521,London
2026-02-20T20:00,10.5,87,16.8,2026-02-17 00:05:05.881521,London
2026-02-20T21:00,10.7,87,17.1,2026-02-17 00:05:05.881521,London
2026-02-20T22:00,10.9,86,16.9,2026-02-17 00:05:05.881521,London
2026-02-20T23:00,11.1,85,16.8,2026-02-17 00:05:05.881521,London
2026-02-21T00:00,11.2,84,16.5,2026-02-17 00:05:05.881521,London
2026-02-21T01:00,11.1,84,16.0,2026-02-17 00:05:05.881521,London
2026-02-21T02:00,10.9,83,15.2,2026-02-17 00:05:05.881521,London
2026-02-21T03:00,10.7,84,14.6,2026-02-17 00:05:05.881521,London
2026-02-21T04:00,10.5,86,13.4,2026-02-17 00:05:05.881521,London
2026-02-21T05:00,10.3,89,12.5,2026-02-17 00:05:05.881521,London
2026-02-21T06:00,10.3,91,12.0,2026-02-17 00:05:05.881521,London
2026-02-21T07:00,10.5,92,12.0,2026-02-17 00:05:05.881521,London
2026-02-21T08:00,10.9,91,12.5,2026-02-17 00:05:05.881521,London
2026-02-21T09:00,11.4,90,13.2,2026-02-17 00:05:05.881521,London
2026-02-21T10:00,12.1,87,14.0,2026-02-17 00:05:05.881521,London
2026-02-21T11:00,12.9,84,15.3,2026-02-17 00:05:05.881521,London
2026-02-21T12:00,13.5,81,16.6,2026-02-17 00:05:05.881521,London
2026-02-21T13:00,13.5,80,17.6,2026-02-17 00:05:05.881521,London
2026-02-21T14:00,13.3,79,19.1,2026-02-17 00:05:05.881521,London
2026-02-21T15:00,13.0,79,19.9,2026-02-17 00:05:05.881521,London
2026-02-21T16:00,12.7,80,20.2,2026-02-17 00:05:05.881521,London
2026-02-21T17:00,12.4,82,19.6,2026-02-17 00:05:05.881521,London
2026-02-21T18:00,12.1,84,19.3,2026-02-17 00:05:05.881521,London
2026-02-21T19:00,11.5,79,15.3,2026-02-17 00:05:05.881521,London
2026-02-21T20:00,11.2,81,14.7,2026-02-17 00:05:05.881521,London
2026-02-21T21:00,10.9,82,14.3,2026-02-17 00:05:05.881521,London
2026-02-21T22:00,10.6,81,14.3,2026-02-17 00:05:05.881521,London
2026-02-21T23:00,10.3,79,14.7,2026-02-17 00:05:05.881521,London
2026-02-22T00:00,10.1,79,14.7,2026-02-17 00:05:05.881521,London
2026-02-22T01:00,9.8,81,14.0,2026-02-17 00:05:05.881521,London
2026-02-22T02:00,9.5,84,13.1,2026-02-17 00:05:05.881521,London
2026-02-22T03:00,9.5,87,12.6,2026-02-17 00:05:05.881521,London
2026-02-22T04:00,9.7,90,12.3,2026-02-17 00:05:05.881521,London
2026-02-22T05:00,10.2,93,12.3,2026-02-17 00:05:05.881521,London
2026-02-22T06:00,10.7,95,12.6,2026-02-17 00:05:05.881521,London
2026-02-22T07:00,11.2,95,12.9,2026-02-17 00:05:05.881521,London
2026-02-22T08:00,11.7,93,13.4,2026-02-17 00:05:05.881521,London
2026-02-22T09:00,12.3,91,13.8,2026-02-17 00:05:05.881521,London
2026-02-22T10:00,13.0,87,14.0,2026-02-17 00:05:05.881521,London
2026-02-22T11:00,13.8,83,14.5,2026-02-17 00:05:05.881521,London
2026-02-22T12:00,14.4,79,14.6,2026-02-17 00:05:05.881521,London
2026-02-22T13:00,14.8,77,14.6,2026-02-17 00:05:05.881521,London
2026-02-22T14:00,14.9,75,14.5,2026-02-17 00:05:05.881521,London
2026-02-22T15:00,14.8,75,14.5,2026-02-17 00:05:05.881521,London
2026-02-22T16:00,14.2,76,15.2,2026-02-17 00:05:05.881521,London
2026-02-22T17:00,13.2,78,16.0,2026-02-17 00:05:05.881521,London
2026-02-22T18:00,12.4,80,16.6,2026-02-17 00:05:05.881521,London
2026-02-22T19:00,11.9,80,16.9,2026-02-17 00:05:05.881521,London
2026-02-22T20:00,11.6,80,16.9,2026-02-17 00:05:05.881521,London
2026-02-22T21:00,11.2,80,16.9,2026-02-17 00:05:05.881521,London
2026-02-22T22:00,10.9,81,16.9,2026-02-17 00:05:05.881521,London
2026-02-22T23:00,10.6,83,16.7,2026-02-17 00:05:05.881521,London
2026-02-23T00:00,10.3,84,17.0,2026-02-17 00:05:05.881521,London
2026-02-23T01:00,10.2,84,17.5,2026-02-17 00:05:05.881521,London
2026-02-23T02:00,10.1,84,18.2,2026-02-17 00:05:05.881521,London
2026-02-23T03:00,10.1,84,18.4,2026-02-17 00:05:05.881521,London
2026-02-23T04:00,10.2,85,17.4,2026-02-17 00:05:05.881521,London
2026-02-23T05:00,10.3,86,16.1,2026-02-17 00:05:05.881521,London
2026-02-23T06:00,10.5,87,14.8,2026-02-17 00:05:05.881521,London
2026-02-23T07:00,10.7,88,14.1,2026-02-17 00:05:05.881521,London
2026-02-23T08:00,11.0,88,13.7,2026-02-17 00:05:05.881521,London
2026-02-23T09:00,11.5,87,13.4,2026-02-17 00:05:05.881521,London
2026-02-23T10:00,12.3,82,13.4,2026-02-17 00:05:05.881521,London
2026-02-23T11:00,13.3,76,13.9,2026-02-17 00:05:05.881521,London
2026-02-23T12:00,14.0,69,14.4,2026-02-17 00:05:05.881521,London
2026-02-23T13:00,14.3,62,14.4,2026-02-17 00:05:05.881521,London
2026-02-23T14:00,14.4,56,13.7,2026-02-17 00:05:05.881521,London
2026-02-23T15:00,14.1,53,12.3,2026-02-17 00:05:05.881521,London
2026-02-23T16:00,13.2,57,10.2,2026-02-17 00:05:05.881521,London
2026-02-23T17:00,12.0,66,7.6,2026-02-17 00:05:05.881521,London
2026-02-23T18:00,10.9,74,6.0,2026-02-17 00:05:05.881521,London
2026-02-23T19:00,9.9,81,5.1,2026-02-17 00:05:05.881521,London
2026-02-23T20:00,9.0,88,4.6,2026-02-17 00:05:05.881521,London
2026-02-23T21:00,8.4,93,4.7,2026-02-17 00:05:05.881521,London
2026-02-23T22:00,8.3,96,5.0,2026-02-17 00:05:05.881521,London
2026-02-23T23:00,8.4,97,5.2,2026-02-17 00:05:05.881521,London
2026-02-13T00:00,3.1,82,15.2,2026-02-13 18:03:31.008384,Manchester
2026-02-13T01:00,3.2,82,13.9,2026-02-13 18:03:31.008384,Manchester
2026-02-13T02:00,3.6,77,11.7,2026-02-13 18:03:31.008384,Manchester
2026-02-13T03:00,2.7,81,14.6,2026-02-13 18:03:31.008384,Manchester
2026-02-13T04:00,2.9,78,15.9,2026-02-13 18:03:31.008384,Manchester
2026-02-13T05:00,3.0,78,16.0,2026-02-13 18:03:31.008384,Manchester
2026-02-13T06:00,2.8,77,15.7,2026-02-13 18:03:31.008384,Manchester
2026-02-13T07:00,2.9,78,15.4,2026-02-13 18:03:31.008384,Manchester
2026-02-13T08:00,2.9,79,16.3,2026-02-13 18:03:31.008384,Manchester
2026-02-13T09:00,3.3,78,18.1,2026-02-13 18:03:31.008384,Manchester
2026-02-13T10:00,3.6,76,19.3,2026-02-13 18:03:31.008384,Manchester
2026-02-13T11:00,3.6,76,18.9,2026-02-13 18:03:31.008384,Manchester
2026-02-13T12:00,3.7,76,17.8,2026-02-13 18:03:31.008384,Manchester
2026-02-13T13:00,3.6,74,20.6,2026-02-13 18:03:31.008384,Manchester
2026-02-13T14:00,3.9,73,18.6,2026-02-13 18:03:31.008384,Manchester
2026-02-13T15:00,3.4,72,17.1,2026-02-13 18:03:31.008384,Manchester
2026-02-13T16:00,3.5,72,17.3,2026-02-13 18:03:31.008384,Manchester
2026-02-13T17:00,3.3,72,13.5,2026-02-13 18:03:31.008384,Manchester
2026-02-13T18:00,3.0,72,10.7,2026-02-13 18:03:31.008384,Manchester
2026-02-13T19:00,2.6,75,11.9,2026-02-13 18:03:31.008384,Manchester
2026-02-13T20:00,2.3,77,11.0,2026-02-13 18:03:31.008384,Manchester
2026-02-13T21:00,1.9,79,11.7,2026-02-13 18:03:31.008384,Manchester
2026-02-13T22:00,1.5,80,10.4,2026-02-13 18:03:31.008384,Manchester
2026-02-13T23:00,1.3,81,8.3,2026-02-13 18:03:31.008384,Manchester
2026-02-14T00:00,1.0,82,5.1,2026-02-13 18:03:31.008384,Manchester
2026-02-14T01:00,0.7,83,5.2,2026-02-13 18:03:31.008384,Manchester
2026-02-14T02:00,0.4,84,4.3,2026-02-13 18:03:31.008384,Manchester
2026-02-14T03:00,0.3,82,4.1,2026-02-13 18:03:31.008384,Manchester
2026-02-14T04:00,0.2,80,3.1,2026-02-13 18:03:31.008384,Manchester
2026-02-14T05:00,0.0,79,2.3,2026-02-13 18:03:31.008384,Manchester
2026-02-14T06:00,-0.1,80,1.1,2026-02-13 18:03:31.008384,Manchester
2026-02-14T07:00,-0.4,83,2.6,2026-02-13 18:03:31.008384,Manchester
2026-02-14T08:00,-0.6,85,2.6,2026-02-13 18:03:31.008384,Manchester
2026-02-14T09:00,-0.4,85,3.1,2026-02-13 18:03:31.008384,Manchester
2026-02-14T10:00,0.6,80,3.1,2026-02-13 18:03:31.008384,Manchester
2026-02-14T11:00,1.9,74,2.4,2026-02-13 18:03:31.008384,Manchester
2026-02-14T12:00,3.3,69,2.2,2026-02-13 18:03:31.008384,Manchester
2026-02-14T13:00,4.4,68,4.2,2026-02-13 18:03:31.008384,Manchester
2026-02-14T14:00,5.4,65,4.6,2026-02-13 18:03:31.008384,Manchester
2026-02-14T15:00,6.1,57,5.3,2026-02-13 18:03:31.008384,Manchester
2026-02-14T16:00,6.2,52,8.1,2026-02-13 18:03:31.008384,Manchester
2026-02-14T17:00,5.6,59,7.7,2026-02-13 18:03:31.008384,Manchester
2026-02-14T18:00,4.7,69,7.4,2026-02-13 18:03:31.008384,Manchester
2026-02-14T19:00,4.0,71,8.4,2026-02-13 18:03:31.008384,Manchester
2026-02-14T20:00,3.5,72,9.5,2026-02-13 18:03:31.008384,Manchester
2026-02-14T21:00,3.3,74,11.1,2026-02-13 18:03:31.008384,Manchester
2026-02-14T22:00,3.2,70,11.9,2026-02-13 18:03:31.008384,Manchester
2026-02-14T23:00,3.0,69,14.4,2026-02-13 18:03:31.008384,Manchester
2026-02-15T00:00,2.6,75,16.2,2026-02-13 18:03:31.008384,Manchester
2026-02-15T01:00,1.5,90,15.7,2026-02-13 18:03:31.008384,Manchester
2026-02-15T02:00,1.7,87,17.6,2026-02-13 18:03:31.008384,Manchester
2026-02-15T03:00,2.4,83,19.3,2026-02-13 18:03:31.008384,Manchester
2026-02-15T04:00,2.7,83,20.5,2026-02-13 18:03:31.008384,Manchester
2026-02-15T05:00,2.9,84,19.1,2026-02-13 18:03:31.008384,Manchester
2026-02-15T06:00,3.3,84,17.1,2026-02-13 18:03:31.008384,Manchester
2026-02-15T07:00,3.5,85,15.0,2026-02-13 18:03:31.008384,Manchester
2026-02-15T08:00,3.9,86,13.4,2026-02-13 18:03:31.008384,Manchester
2026-02-15T09:00,4.4,86,13.8,2026-02-13 18:03:31.008384,Manchester
2026-02-15T10:00,5.0,86,12.4,2026-02-13 18:03:31.008384,Manchester
2026-02-15T11:00,5.4,85,12.6,2026-02-13 18:03:31.008384,Manchester
2026-02-15T12:00,5.9,84,10.8,2026-02-13 18:03:31.008384,Manchester
2026-02-15T13:00,6.0,86,8.1,2026-02-13 18:03:31.008384,Manchester
2026-02-15T14:00,5.8,90,5.1,2026-02-13 18:03:31.008384,Manchester
2026-02-15T15:00,5.4,93,4.5,2026-02-13 18:03:31.008384,Manchester
2026-02-15T16:00,5.1,95,1.3,2026-02-13 18:03:31.008384,Manchester
2026-02-15T17:00,4.9,96,1.8,2026-02-13 18:03:31.008384,Manchester
2026-02-15T18:00,4.6,97,5.2,2026-02-13 18:03:31.008384,Manchester
2026-02-15T19:00,4.5,97,1.8,2026-02-13 18:03:31.008384,Manchester
2026-02-15T20:00,4.4,98,6.9,2026-02-13 18:03:31.008384,Manchester
2026-02-15T21:00,4.6,98,8.1,2026-02-13 18:03:31.008384,Manchester
2026-02-15T22:00,5.1,94,10.8,2026-02-13 18:03:31.008384,Manchester
2026-02-15T23:00,5.2,91,12.2,2026-02-13 18:03:31.008384,Manchester
2026-02-16T00:00,5.2,90,14.8,2026-02-13 18:03:31.008384,Manchester
2026-02-16T01:00,5.2,90,16.6,2026-02-13 18:03:31.008384,Manchester
2026-02-16T02:00,5.0,92,16.6,2026-02-13 18:03:31.008384,Manchester
2026-02-16T03:00,5.0,89,18.4,2026-02-13 18:03:31.008384,Manchester
2026-02-16T04:00,4.9,88,17.7,2026-02-13 18:03:31.008384,Manchester
2026-02-16T05:00,4.7,87,14.8,2026-02-13 18:03:31.008384,Manchester
2026-02-16T06:00,4.5,88,15.6,2026-02-13 18:03:31.008384,Manchester
2026-02-16T07:00,4.4,90,15.5,2026-02-13 18:03:31.008384,Manchester
2026-02-16T08:00,4.4,90,15.2,2026-02-13 18:03:31.008384,Manchester
2026-02-16T09:00,4.7,90,14.6,2026-02-13 18:03:31.008384,Manchester
2026-02-16T10:00,5.3,84,16.1,2026-02-13 18:03:31.008384,Manchester
2026-02-16T11:00,6.1,79,17.9,2026-02-13 18:03:31.008384,Manchester
2026-02-16T12:00,6.2,83,15.7,2026-02-13 18:03:31.008384,Manchester
2026-02-16T13:00,6.7,78,16.6,2026-02-13 18:03:31.008384,Manchester
2026-02-16T14:00,7.2,73,16.5,2026-02-13 18:03:31.008384,Manchester
2026-02-16T15:00,7.3,72,15.5,2026-02-13 18:03:31.008384,Manchester
2026-02-16T16:00,7.1,71,14.5,2026-02-13 18:03:31.008384,Manchester
2026-02-16T17:00,6.2,79,11.8,2026-02-13 18:03:31.008384,Manchester
2026-02-16T18:00,5.0,88,8.0,2026-02-13 18:03:31.008384,Manchester
2026-02-16T19:00,4.3,91,6.5,2026-02-13 18:03:31.008384,Manchester
2026-02-16T20:00,3.6,93,5.2,2026-02-13 18:03:31.008384,Manchester
2026-02-16T21:00,3.1,95,4.0,2026-02-13 18:03:31.008384,Manchester
2026-02-16T22:00,2.8,96,2.3,2026-02-13 18:03:31.008384,Manchester
2026-02-16T23:00,2.7,97,0.7,2026-02-13 18:03:31.008384,Manchester
2026-02-17T00:00,2.5,97,1.6,2026-02-13 18:03:31.008384,Manchester
2026-02-17T01:00,2.1,98,2.5,2026-02-13 18:03:31.008384,Manchester
2026-02-17T02:00,1.6,98,3.1,2026-02-13 18:03:31.008384,Manchester
2026-02-17T03:00,1.2,99,3.9,2026-02-13 18:03:31.008384,Manchester
2026-02-17T04:00,0.8,100,4.1,2026-02-13 18:03:31.008384,Manchester
2026-02-17T05:00,0.4,100,3.9,2026-02-13 18:03:31.008384,Manchester
2026-02-17T06:00,0.2,99,3.7,2026-02-13 18:03:31.008384,Manchester
2026-02-17T07:00,0.3,96,3.9,2026-02-13 18:03:31.008384,Manchester
2026-02-17T08:00,0.5,92,3.6,2026-02-13 18:03:31.008384,Manchester
2026-02-17T09:00,1.1,87,3.7,2026-02-13 18:03:31.008384,Manchester
2026-02-17T10:00,2.5,80,4.3,2026-02-13 18:03:31.008384,Manchester
2026-02-17T11:00,4.2,72,5.7,2026-02-13 18:03:31.008384,Manchester
2026-02-17T12:00,5.5,66,7.7,2026-02-13 18:03:31.008384,Manchester
2026-02-17T13:00,6.1,63,9.9,2026-02-13 18:03:31.008384,Manchester
2026-02-17T14:00,6.2,62,12.3,2026-02-13 18:03:31.008384,Manchester
2026-02-17T15:00,6.1,62,13.8,2026-02-13 18:03:31.008384,Manchester
2026-02-17T16:00,5.6,65,14.4,2026-02-13 18:03:31.008384,Manchester
2026-02-17T17:00,4.9,70,14.1,2026-02-13 18:03:31.008384,Manchester
2026-02-17T18:00,4.4,74,14.7,2026-02-13 18:03:31.008384,Manchester
2026-02-17T19:00,4.2,76,17.0,2026-02-13 18:03:31.008384,Manchester
2026-02-17T20:00,4.1,77,20.3,2026-02-13 18:03:31.008384,Manchester
2026-02-17T21:00,4.0,78,22.4,2026-02-13 18:03:31.008384,Manchester
2026-02-17T22:00,3.8,80,22.6,2026-02-13 18:03:31.008384,Manchester
2026-02-17T23:00,3.6,83,22.4,2026-02-13 18:03:31.008384,Manchester
2026-02-18T00:00,3.4,85,22.6,2026-02-13 18:03:31.008384,Manchester
2026-02-18T01:00,3.2,85,25.0,2026-02-13 18:03:31.008384,Manchester
2026-02-18T02:00,3.0,85,28.3,2026-02-13 18:03:31.008384,Manchester
2026-02-18T03:00,3.1,85,29.4,2026-02-13 18:03:31.008384,Manchester
2026-02-18T04:00,3.9,86,25.8,2026-02-13 18:03:31.008384,Manchester
2026-02-18T05:00,5.0,88,20.1,2026-02-13 18:03:31.008384,Manchester
2026-02-18T06:00,5.9,89,16.4,2026-02-13 18:03:31.008384,Manchester
2026-02-18T07:00,6.4,87,17.8,2026-02-13 18:03:31.008384,Manchester
2026-02-18T08:00,6.6,84,21.4,2026-02-13 18:03:31.008384,Manchester
2026-02-18T09:00,6.9,82,22.6,2026-02-13 18:03:31.008384,Manchester
2026-02-18T10:00,7.5,82,20.6,2026-02-13 18:03:31.008384,Manchester
2026-02-18T11:00,8.2,84,21.2,2026-02-13 18:03:31.008384,Manchester
2026-02-18T12:00,8.6,84,24.8,2026-02-13 18:03:31.008384,Manchester
2026-02-18T13:00,8.5,83,26.8,2026-02-13 18:03:31.008384,Manchester
2026-02-18T14:00,8.1,81,27.4,2026-02-13 18:03:31.008384,Manchester
2026-02-18T15:00,7.6,81,28.4,2026-02-13 18:03:31.008384,Manchester
2026-02-18T16:00,6.9,83,28.6,2026-02-13 18:03:31.008384,Manchester
2026-02-18T17:00,6.2,86,28.3,2026-02-13 18:03:31.008384,Manchester
2026-02-18T18:00,5.6,88,27.2,2026-02-13 18:03:31.008384,Manchester
2026-02-18T19:00,5.4,89,26.1,2026-02-13 18:03:31.008384,Manchester
2026-02-18T20:00,5.3,89,24.6,2026-02-13 18:03:31.008384,Manchester
2026-02-18T21:00,5.2,89,22.9,2026-02-13 18:03:31.008384,Manchester
2026-02-18T22:00,5.2,90,20.5,2026-02-13 18:03:31.008384,Manchester
2026-02-18T23:00,5.2,92,17.6,2026-02-13 18:03:31.008384,Manchester
2026-02-19T00:00,5.2,93,14.9,2026-02-13 18:03:31.008384,Manchester
2026-02-19T01:00,4.9,92,12.6,2026-02-13 18:03:31.008384,Manchester
2026-02-19T02:00,4.5,91,11.2,2026-02-13 18:03:31.008384,Manchester
2026-02-19T03:00,4.2,90,10.5,2026-02-13 18:03:31.008384,Manchester
2026-02-19T04:00,4.0,90,11.2,2026-02-13 18:03:31.008384,Manchester
2026-02-19T05:00,3.8,90,12.3,2026-02-13 18:03:31.008384,Manchester
2026-02-19T06:00,3.7,89,13.7,2026-02-13 18:03:31.008384,Manchester
2026-02-19T07:00,3.7,88,15.6,2026-02-13 18:03:31.008384,Manchester
2026-02-19T08:00,3.9,86,18.2,2026-02-13 18:03:31.008384,Manchester
2026-02-19T09:00,4.2,83,19.9,2026-02-13 18:03:31.008384,Manchester
2026-02-19T10:00,4.8,79,20.7,2026-02-13 18:03:31.008384,Manchester
2026-02-19T11:00,5.6,74,21.3,2026-02-13 18:03:31.008384,Manchester
2026-02-19T12:00,6.1,70,22.3,2026-02-13 18:03:31.008384,Manchester
2026-02-19T13:00,6.1,68,23.5,2026-02-13 18:03:31.008384,Manchester
2026-02-19T14:00,5.9,68,25.1,2026-02-13 18:03:31.008384,Manchester
2026-02-19T15:00,5.5,68,26.0,2026-02-13 18:03:31.008384,Manchester
2026-02-19T16:00,5.1,69,26.3,2026-02-13 18:03:31.008384,Manchester
2026-02-19T17:00,4.7,71,25.6,2026-02-13 18:03:31.008384,Manchester
2026-02-19T18:00,4.3,71,24.5,2026-02-13 18:03:31.008384,Manchester
2026-02-19T19:00,3.9,69,22.3,2026-02-13 18:03:31.008384,Manchester
2026-02-19T20:00,3.6,65,19.4,2026-02-13 18:03:31.008384,Manchester
2026-02-19T21:00,3.3,63,16.9,2026-02-13 18:03:31.008384,Manchester
2026-02-19T22:00,3.1,64,15.1,2026-02-13 18:03:31.008384,Manchester
2026-02-19T23:00,2.9,68,13.7,2026-02-13 18:03:31.008384,Manchester
2026-02-18T00:00,1.8,73,7.0,2026-02-18 00:01:03.086483,Manchester
2026-02-18T01:00,1.9,72,8.3,2026-02-18 00:01:03.086483,Manchester
2026-02-18T02:00,1.9,71,10.8,2026-02-18 00:01:03.086483,Manchester
2026-02-18T03:00,1.9,71,11.6,2026-02-18 00:01:03.086483,Manchester
2026-02-18T04:00,1.8,71,13.0,2026-02-18 00:01:03.086483,Manchester
2026-02-18T05:00,1.8,70,14.3,2026-02-18 00:01:03.086483,Manchester
2026-02-18T06:00,1.6,73,13.8,2026-02-18 00:01:03.086483,Manchester
2026-02-18T07:00,1.6,75,13.4,2026-02-18 00:01:03.086483,Manchester
2026-02-18T08:00,1.6,77,14.0,2026-02-18 00:01:03.086483,Manchester
2026-02-18T09:00,2.3,76,14.5,2026-02-18 00:01:03.086483,Manchester
2026-02-18T10:00,3.6,71,18.6,2026-02-18 00:01:03.086483,Manchester
2026-02-18T11:00,4.3,66,20.8,2026-02-18 00:01:03.086483,Manchester
2026-02-18T12:00,5.0,65,22.5,2026-02-18 00:01:03.086483,Manchester
2026-02-18T13:00,5.4,61,25.0,2026-02-18 00:01:03.086483,Manchester
2026-02-18T14:00,5.4,59,22.7,2026-02-18 00:01:03.086483,Manchester
2026-02-18T15:00,5.3,58,23.7,2026-02-18 00:01:03.086483,Manchester
2026-02-18T16:00,5.0,58,20.8,2026-02-18 00:01:03.086483,Manchester
2026-02-18T17:00,4.5,58,19.2,2026-02-18 00:01:03.086483,Manchester
2026-02-18T18:00,4.0,60,19.4,2026-02-18 00:01:03.086483,Manchester
2026-02-18T19:00,3.5,62,16.6,2026-02-18 00:01:03.086483,Manchester
2026-02-18T20:00,3.3,64,16.0,2026-02-18 00:01:03.086483,Manchester
2026-02-18T21:00,3.2,70,18.5,2026-02-18 00:01:03.086483,Manchester
2026-02-18T22:00,3.2,73,18.9,2026-02-18 00:01:03.086483,Manchester
2026-02-18T23:00,3.2,75,17.9,2026-02-18 00:01:03.086483,Manchester
2026-02-19T00:00,3.2,76,17.8,2026-02-18 00:01:03.086483,Manchester
2026-02-19T01:00,3.1,76,16.8,2026-02-18 00:01:03.086483,Manchester
2026-02-19T02:00,3.0,78,15.8,2026-02-18 00:01:03.086483,Manchester
2026-02-19T03:00,3.1,78,14.7,2026-02-18 00:01:03.086483,Manchester
2026-02-19T04:00,2.9,80,13.8,2026-02-18 00:01:03.086483,Manchester
2026-02-19T05:00,2.9,81,11.2,2026-02-18 00:01:03.086483,Manchester
2026-02-19T06:00,2.9,82,10.0,2026-02-18 00:01:03.086483,Manchester
2026-02-19T07:00,2.7,83,11.7,2026-02-18 00:01:03.086483,Manchester
2026-02-19T08:00,3.0,83,11.2,2026-02-18 00:01:03.086483,Manchester
2026-02-19T09:00,3.4,82,10.2,2026-02-18 00:01:03.086483,Manchester
2026-02-19T10:00,3.9,81,11.0,2026-02-18 00:01:03.086483,Manchester
2026-02-19T11:00,4.4,78,10.3,2026-02-18 00:01:03.086483,Manchester
2026-02-19T12:00,4.8,76,9.5,2026-02-18 00:01:03.086483,Manchester
2026-02-19T13:00,5.2,74,7.7,2026-02-18 00:01:03.086483,Manchester
2026-02-19T14:00,5.4,73,7.2,2026-02-18 00:01:03.086483,Manchester
2026-02-19T15:00,5.6,72,6.3,2026-02-18 00:01:03.086483,Manchester
2026-02-19T16:00,5.8,70,5.9,2026-02-18 00:01:03.086483,Manchester
2026-02-19T17:00,5.7,72,5.5,2026-02-18 00:01:03.086483,Manchester
2026-02-19T18:00,5.6,75,5.4,2026-02-18 00:01:03.086483,Manchester
2026-02-19T19:00,5.1,79,6.5,2026-02-18 00:01:03.086483,Manchester
2026-02-19T20:00,4.5,86,6.8,2026-02-18 00:01:03.086483,Manchester
2026-02-19T21:00,4.1,88,4.0,2026-02-18 00:01:03.086483,Manchester
2026-02-19T22:00,3.7,91,3.5,2026-02-18 00:01:03.086483,Manchester
2026-02-19T23:00,3.8,90,5.2,2026-02-18 00:01:03.086483,Manchester
2026-02-20T00:00,4.1,91,7.4,2026-02-18 00:01:03.086483,Manchester
2026-02-20T01:00,4.0,88,6.8,2026-02-18 00:01:03.086483,Manchester
2026-02-20T02:00,3.9,89,6.0,2026-02-18 00:01:03.086483,Manchester
2026-02-20T03:00,4.0,88,6.8,2026-02-18 00:01:03.086483,Manchester
2026-02-20T04:00,4.1,88,7.3,2026-02-18 00:01:03.086483,Manchester
2026-02-20T05:00,4.2,89,8.6,2026-02-18 00:01:03.086483,Manchester
2026-02-20T06:00,4.5,91,11.3,2026-02-18 00:01:03.086483,Manchester
2026-02-20T07:00,4.9,88,14.4,2026-02-18 00:01:03.086483,Manchester
2026-02-20T08:00,5.2,87,16.8,2026-02-18 00:01:03.086483,Manchester
2026-02-20T09:00,6.2,84,19.4,2026-02-18 00:01:03.086483,Manchester
2026-02-20T10:00,7.3,84,19.2,2026-02-18 00:01:03.086483,Manchester
2026-02-20T11:00,8.7,82,15.9,2026-02-18 00:01:03.086483,Manchester
2026-02-20T12:00,10.7,68,20.3,2026-02-18 00:01:03.086483,Manchester
2026-02-20T13:00,11.3,63,25.6,2026-02-18 00:01:03.086483,Manchester
2026-02-20T14:00,10.7,67,18.2,2026-02-18 00:01:03.086483,Manchester
2026-02-20T15:00,9.5,83,13.0,2026-02-18 00:01:03.086483,Manchester
2026-02-20T16:00,9.4,90,16.1,2026-02-18 00:01:03.086483,Manchester
2026-02-20T17:00,9.6,87,19.2,2026-02-18 00:01:03.086483,Manchester
2026-02-20T18:00,9.7,87,20.9,2026-02-18 00:01:03.086483,Manchester
2026-02-20T19:00,9.9,88,17.8,2026-02-18 00:01:03.086483,Manchester
2026-02-20T20:00,10.1,88,16.3,2026-02-18 00:01:03.086483,Manchester
2026-02-20T21:00,10.0,90,16.1,2026-02-18 00:01:03.086483,Manchester
2026-02-20T22:00,10.1,89,17.3,2026-02-18 00:01:03.086483,Manchester
2026-02-20T23:00,10.1,91,16.7,2026-02-18 00:01:03.086483,Manchester
2026-02-21T00:00,10.2,91,18.7,2026-02-18 00:01:03.086483,Manchester
2026-02-21T01:00,10.4,89,20.2,2026-02-18 00:01:03.086483,Manchester
2026-02-21T02:00,10.7,85,22.1,2026-02-18 00:01:03.086483,Manchester
2026-02-21T03:00,10.7,83,23.4,2026-02-18 00:01:03.086483,Manchester
2026-02-21T04:00,10.2,82,22.0,2026-02-18 00:01:03.086483,Manchester
2026-02-21T05:00,9.6,82,18.8,2026-02-18 00:01:03.086483,Manchester
2026-02-21T06:00,9.1,82,15.6,2026-02-18 00:01:03.086483,Manchester
2026-02-21T07:00,8.8,84,12.3,2026-02-18 00:01:03.086483,Manchester
2026-02-21T08:00,8.6,86,9.1,2026-02-18 00:01:03.086483,Manchester
2026-02-21T09:00,8.7,88,6.8,2026-02-18 00:01:03.086483,Manchester
2026-02-21T10:00,8.9,88,4.8,2026-02-18 00:01:03.086483,Manchester
2026-02-21T11:00,9.4,87,4.0,2026-02-18 00:01:03.086483,Manchester
2026-02-21T12:00,9.8,86,4.8,2026-02-18 00:01:03.086483,Manchester
2026-02-21T13:00,10.2,86,6.5,2026-02-18 00:01:03.086483,Manchester
2026-02-21T14:00,10.7,87,8.6,2026-02-18 00:01:03.086483,Manchester
2026-02-21T15:00,11.0,88,10.7,2026-02-18 00:01:03.086483,Manchester
2026-02-21T16:00,11.3,89,11.8,2026-02-18 00:01:03.086483,Manchester
2026-02-21T17:00,11.4,90,13.2,2026-02-18 00:01:03.086483,Manchester
2026-02-21T18:00,11.5,91,14.0,2026-02-18 00:01:03.086483,Manchester
2026-02-21T19:00,11.5,91,13.9,2026-02-18 00:01:03.086483,Manchester
2026-02-21T20:00,11.4,91,12.9,2026-02-18 00:01:03.086483,Manchester
2026-02-21T21:00,11.2,91,12.3,2026-02-18 00:01:03.086483,Manchester
2026-02-21T22:00,11.2,91,12.0,2026-02-18 00:01:03.086483,Manchester
2026-02-21T23:00,11.2,91,12.0,2026-02-18 00:01:03.086483,Manchester
2026-02-22T00:00,11.0,90,12.1,2026-02-18 00:01:03.086483,Manchester
2026-02-22T01:00,10.5,88,12.6,2026-02-18 00:01:03.086483,Manchester
2026-02-22T02:00,10.0,86,13.9,2026-02-18 00:01:03.086483,Manchester
2026-02-22T03:00,9.4,84,15.2,2026-02-18 00:01:03.086483,Manchester
2026-02-22T04:00,8.7,84,15.5,2026-02-18 00:01:03.086483,Manchester
2026-02-22T05:00,8.1,84,14.9,2026-02-18 00:01:03.086483,Manchester
2026-02-22T06:00,7.6,84,14.1,2026-02-18 00:01:03.086483,Manchester
2026-02-22T07:00,7.3,84,11.8,2026-02-18 00:01:03.086483,Manchester
2026-02-22T08:00,7.3,83,9.7,2026-02-18 00:01:03.086483,Manchester
2026-02-22T09:00,7.6,81,8.7,2026-02-18 00:01:03.086483,Manchester
2026-02-22T10:00,8.7,76,9.7,2026-02-18 00:01:03.086483,Manchester
2026-02-22T11:00,10.2,70,12.0,2026-02-18 00:01:03.086483,Manchester
2026-02-22T12:00,11.2,67,13.3,2026-02-18 00:01:03.086483,Manchester
2026-02-22T13:00,11.4,68,12.9,2026-02-18 00:01:03.086483,Manchester
2026-02-22T14:00,11.2,71,12.0,2026-02-18 00:01:03.086483,Manchester
2026-02-22T15:00,10.7,75,11.2,2026-02-18 00:01:03.086483,Manchester
2026-02-22T16:00,10.2,80,9.8,2026-02-18 00:01:03.086483,Manchester
2026-02-22T17:00,9.4,87,8.1,2026-02-18 00:01:03.086483,Manchester
2026-02-22T18:00,8.8,92,7.1,2026-02-18 00:01:03.086483,Manchester
2026-02-22T19:00,9.2,78,15.0,2026-02-18 00:01:03.086483,Manchester
2026-02-22T20:00,8.6,80,15.2,2026-02-18 00:01:03.086483,Manchester
2026-02-22T21:00,8.2,82,15.0,2026-02-18 00:01:03.086483,Manchester
2026-02-22T22:00,8.2,82,15.3,2026-02-18 00:01:03.086483,Manchester
2026-02-22T23:00,8.4,80,18.3,2026-02-18 00:01:03.086483,Manchester
2026-02-23T00:00,8.4,79,21.3,2026-02-18 00:01:03.086483,Manchester
2026-02-23T01:00,8.1,78,20.8,2026-02-18 00:01:03.086483,Manchester
2026-02-23T02:00,7.6,77,18.5,2026-02-18 00:01:03.086483,Manchester
2026-02-23T03:00,7.2,77,16.6,2026-02-18 00:01:03.086483,Manchester
2026-02-23T04:00,6.9,78,16.0,2026-02-18 00:01:03.086483,Manchester
2026-02-23T05:00,6.6,79,16.1,2026-02-18 00:01:03.086483,Manchester
2026-02-23T06:00,6.5,79,16.1,2026-02-18 00:01:03.086483,Manchester
2026-02-23T07:00,6.6,78,15.8,2026-02-18 00:01:03.086483,Manchester
2026-02-23T08:00,6.9,77,15.1,2026-02-18 00:01:03.086483,Manchester
2026-02-23T09:00,7.5,75,15.5,2026-02-18 00:01:03.086483,Manchester
2026-02-23T10:00,8.5,71,17.4,2026-02-18 00:01:03.086483,Manchester
2026-02-23T11:00,9.8,65,20.6,2026-02-18 00:01:03.086483,Manchester
2026-02-23T12:00,10.7,61,22.6,2026-02-18 00:01:03.086483,Manchester
2026-02-23T13:00,11.0,59,22.9,2026-02-18 00:01:03.086483,Manchester
2026-02-23T14:00,11.0,58,22.1,2026-02-18 00:01:03.086483,Manchester
2026-02-23T15:00,10.8,60,20.4,2026-02-18 00:01:03.086483,Manchester
2026-02-23T16:00,10.6,67,17.4,2026-02-18 00:01:03.086483,Manchester
2026-02-23T17:00,10.2,76,13.4,2026-02-18 00:01:03.086483,Manchester
2026-02-23T18:00,9.8,84,10.4,2026-02-18 00:01:03.086483,Manchester
2026-02-23T19:00,9.6,87,8.9,2026-02-18 00:01:03.086483,Manchester
2026-02-23T20:00,9.4,89,8.4,2026-02-18 00:01:03.086483,Manchester
2026-02-23T21:00,9.3,90,8.7,2026-02-18 00:01:03.086483,Manchester
2026-02-23T22:00,9.1,91,9.7,2026-02-18 00:01:03.086483,Manchester
2026-02-23T23:00,9.0,91,10.4,2026-02-18 00:01:03.086483,Manchester
2026-02-24T00:00,9.1,92,10.4,2026-02-18 00:01:03.086483,Manchester
2026-02-24T01:00,9.4,93,9.4,2026-02-18 00:01:03.086483,Manchester
2026-02-24T02:00,9.8,94,7.6,2026-02-18 00:01:03.086483,Manchester
2026-02-24T03:00,10.2,95,6.8,2026-02-18 00:01:03.086483,Manchester
2026-02-24T04:00,10.4,96,6.0,2026-02-18 00:01:03.086483,Manchester
2026-02-24T05:00,10.6,96,5.6,2026-02-18 00:01:03.086483,Manchester
2026-02-24T06:00,10.7,96,4.9,2026-02-18 00:01:03.086483,Manchester
2026-02-24T07:00,10.8,97,4.0,2026-02-18 00:01:03.086483,Manchester
2026-02-24T08:00,10.9,97,3.7,2026-02-18 00:01:03.086483,Manchester
2026-02-24T09:00,11.2,96,4.7,2026-02-18 00:01:03.086483,Manchester
2026-02-24T10:00,12.0,91,7.0,2026-02-18 00:01:03.086483,Manchester
2026-02-24T11:00,13.1,84,10.5,2026-02-18 00:01:03.086483,Manchester
2026-02-24T12:00,14.0,79,14.2,2026-02-18 00:01:03.086483,Manchester
2026-02-24T13:00,14.5,76,17.1,2026-02-18 00:01:03.086483,Manchester
2026-02-24T14:00,14.8,74,19.2,2026-02-18 00:01:03.086483,Manchester
2026-02-24T15:00,14.7,73,20.2,2026-02-18 00:01:03.086483,Manchester
2026-02-24T16:00,14.2,74,19.1,2026-02-18 00:01:03.086483,Manchester
2026-02-24T17:00,13.3,77,17.0,2026-02-18 00:01:03.086483,Manchester
2026-02-24T18:00,12.4,80,16.0,2026-02-18 00:01:03.086483,Manchester
2026-02-24T19:00,11.8,82,15.9,2026-02-18 00:01:03.086483,Manchester
2026-02-24T20:00,11.2,83,15.9,2026-02-18 00:01:03.086483,Manchester
2026-02-24T21:00,10.8,84,15.9,2026-02-18 00:01:03.086483,Manchester
2026-02-24T22:00,10.6,85,15.9,2026-02-18 00:01:03.086483,Manchester
2026-02-24T23:00,10.5,86,16.1,2026-02-18 00:01:03.086483,Manchester
2026-02-13T00:00,3.1,82,15.2,2026-02-13 18:18:27.146765,Manchester
2026-02-13T01:00,3.2,82,13.9,2026-02-13 18:18:27.146765,Manchester
2026-02-13T02:00,3.6,77,11.7,2026-02-13 18:18:27.146765,Manchester
2026-02-13T03:00,2.7,81,14.6,2026-02-13 18:18:27.146765,Manchester
2026-02-13T04:00,2.9,78,15.9,2026-02-13 18:18:27.146765,Manchester
2026-02-13T05:00,3.0,78,16.0,2026-02-13 18:18:27.146765,Manchester
2026-02-13T06:00,2.8,77,15.7,2026-02-13 18:18:27.146765,Manchester
2026-02-13T07:00,2.9,78,15.4,2026-02-13 18:18:27.146765,Manchester
2026-02-13T08:00,2.9,79,16.3,2026-02-13 18:18:27.146765,Manchester
2026-02-13T09:00,3.3,78,18.1,2026-02-13 18:18:27.146765,Manchester
2026-02-13T10:00,3.6,76,19.3,2026-02-13 18:18:27.146765,Manchester
2026-02-13T11:00,3.6,76,18.9,2026-02-13 18:18:27.146765,Manchester
2026-02-13T12:00,3.7,76,17.8,2026-02-13 18:18:27.146765,Manchester
2026-02-13T13:00,3.6,74,20.6,2026-02-13 18:18:27.146765,Manchester
2026-02-13T14:00,3.9,73,18.6,2026-02-13 18:18:27.146765,Manchester
2026-02-13T15:00,3.4,72,17.1,2026-02-13 18:18:27.146765,Manchester
2026-02-13T16:00,3.5,72,17.3,2026-02-13 18:18:27.146765,Manchester
2026-02-13T17:00,3.3,72,13.5,2026-02-13 18:18:27.146765,Manchester
2026-02-13T18:00,3.0,72,10.7,2026-02-13 18:18:27.146765,Manchester
2026-02-13T19:00,2.6,75,11.9,2026-02-13 18:18:27.146765,Manchester
2026-02-13T20:00,2.3,77,11.0,2026-02-13 18:18:27.146765,Manchester
2026-02-13T21:00,1.9,79,11.7,2026-02-13 18:18:27.146765,Manchester
2026-02-13T22:00,1.5,80,10.4,2026-02-13 18:18:27.146765,Manchester
2026-02-13T23:00,1.3,81,8.3,2026-02-13 18:18:27.146765,Manchester
2026-02-14T00:00,1.0,82,5.1,2026-02-13 18:18:27.146765,Manchester
2026-02-14T01:00,0.7,83,5.2,2026-02-13 18:18:27.146765,Manchester
2026-02-14T02:00,0.4,84,4.3,2026-02-13 18:18:27.146765,Manchester
2026-02-14T03:00,0.3,82,4.1,2026-02-13 18:18:27.146765,Manchester
2026-02-14T04:00,0.2,80,3.1,2026-02-13 18:18:27.146765,Manchester
2026-02-14T05:00,0.0,79,2.3,2026-02-13 18:18:27.146765,Manchester
2026-02-14T06:00,-0.1,80,1.1,2026-02-13 18:18:27.146765,Manchester
2026-02-14T07:00,-0.4,83,2.6,2026-02-13 18:18:27.146765,Manchester
2026-02-14T08:00,-0.6,85,2.6,2026-02-13 18:18:27.146765,Manchester
2026-02-14T09:00,-0.4,85,3.1,2026-02-13 18:18:27.146765,Manchester
2026-02-14T10:00,0.6,80,3.1,2026-02-13 18:18:27.146765,Manchester
2026-02-14T11:00,1.9,74,2.4,2026-02-13 18:18:27.146765,Manchester
2026-02-14T12:00,3.3,69,2.2,2026-02-13 18:18:27.146765,Manchester
2026-02-14T13:00,4.4,68,4.2,2026-02-13 18:18:27.146765,Manchester
2026-02-14T14:00,5.4,65,4.6,2026-02-13 18:18:27.146765,Manchester
2026-02-14T15:00,6.1,57,5.3,2026-02-13 18:18:27.146765,Manchester
2026-02-14T16:00,6.2,52,8.1,2026-02-13 18:18:27.146765,Manchester
2026-02-14T17:00,5.6,59,7.7,2026-02-13 18:18:27.146765,Manchester
2026-02-14T18:00,4.7,69,7.4,2026-02-13 18:18:27.146765,Manchester
2026-02-14T19:00,4.0,71,8.4,2026-02-13 18:18:27.146765,Manchester
2026-02-14T20:00,3.5,72,9.5,2026-02-13 18:18:27.146765,Manchester
2026-02-14T21:00,3.3,74,11.1,2026-02-13 18:18:27.146765,Manchester
2026-02-14T22:00,3.2,70,11.9,2026-02-13 18:18:27.146765,Manchester
2026-02-14T23:00,3.0,69,14.4,2026-02-13 18:18:27.146765,Manchester
2026-02-15T00:00,2.6,75,16.2,2026-02-13 18:18:27.146765,Manchester
2026-02-15T01:00,1.5,90,15.7,2026-02-13 18:18:27.146765,Manchester
2026-02-15T02:00,1.7,87,17.6,2026-02-13 18:18:27.146765,Manchester
2026-02-15T03:00,2.4,83,19.3,2026-02-13 18:18:27.146765,Manchester
2026-02-15T04:00,2.7,83,20.5,2026-02-13 18:18:27.146765,Manchester
2026-02-15T05:00,2.9,84,19.1,2026-02-13 18:18:27.146765,Manchester
2026-02-15T06:00,3.3,84,17.1,2026-02-13 18:18:27.146765,Manchester
2026-02-15T07:00,3.5,85,15.0,2026-02-13 18:18:27.146765,Manchester
2026-02-15T08:00,3.9,86,13.4,2026-02-13 18:18:27.146765,Manchester
2026-02-15T09:00,4.4,86,13.8,2026-02-13 18:18:27.146765,Manchester
2026-02-15T10:00,5.0,86,12.4,2026-02-13 18:18:27.146765,Manchester
2026-02-15T11:00,5.4,85,12.6,2026-02-13 18:18:27.146765,Manchester
2026-02-15T12:00,5.9,84,10.8,2026-02-13 18:18:27.146765,Manchester
2026-02-15T13:00,6.0,86,8.1,2026-02-13 18:18:27.146765,Manchester
2026-02-15T14:00,5.8,90,5.1,2026-02-13 18:18:27.146765,Manchester
2026-02-15T15:00,5.4,93,4.5,2026-02-13 18:18:27.146765,Manchester
2026-02-15T16:00,5.1,95,1.3,2026-02-13 18:18:27.146765,Manchester
2026-02-15T17:00,4.9,96,1.8,2026-02-13 18:18:27.146765,Manchester
2026-02-15T18:00,4.6,97,5.2,2026-02-13 18:18:27.146765,Manchester
2026-02-15T19:00,4.5,97,1.8,2026-02-13 18:18:27.146765,Manchester
2026-02-15T20:00,4.4,98,6.9,2026-02-13 18:18:27.146765,Manchester
2026-02-15T21:00,4.6,98,8.1,2026-02-13 18:18:27.146765,Manchester
2026-02-15T22:00,5.1,94,10.8,2026-02-13 18:18:27.146765,Manchester
2026-02-15T23:00,5.2,91,12.2,2026-02-13 18:18:27.146765,Manchester
2026-02-16T00:00,5.2,90,14.8,2026-02-13 18:18:27.146765,Manchester
2026-02-16T01:00,5.2,90,16.6,2026-02-13 18:18:27.146765,Manchester
2026-02-16T02:00,5.0,92,16.6,2026-02-13 18:18:27.146765,Manchester
2026-02-16T03:00,5.0,89,18.4,2026-02-13 18:18:27.146765,Manchester
2026-02-16T04:00,4.9,88,17.7,2026-02-13 18:18:27.146765,Manchester
2026-02-16T05:00,4.7,87,14.8,2026-02-13 18:18:27.146765,Manchester
2026-02-16T06:00,4.5,88,15.6,2026-02-13 18:18:27.146765,Manchester
2026-02-16T07:00,4.4,90,15.5,2026-02-13 18:18:27.146765,Manchester
2026-02-16T08:00,4.4,90,15.2,2026-02-13 18:18:27.146765,Manchester
2026-02-16T09:00,4.7,90,14.6,2026-02-13 18:18:27.146765,Manchester
2026-02-16T10:00,5.3,84,16.1,2026-02-13 18:18:27.146765,Manchester
2026-02-16T11:00,6.1,79,17.9,2026-02-13 18:18:27.146765,Manchester
2026-02-16T12:00,6.2,83,15.7,2026-02-13 18:18:27.146765,Manchester
2026-02-16T13:00,6.7,78,16.6,2026-02-13 18:18:27.146765,Manchester
2026-02-16T14:00,7.2,73,16.5,2026-02-13 18:18:27.146765,Manchester
2026-02-16T15:00,7.3,72,15.5,2026-02-13 18:18:27.146765,Manchester
2026-02-16T16:00,7.1,71,14.5,2026-02-13 18:18:27.146765,Manchester
2026-02-16T17:00,6.2,79,11.8,2026-02-13 18:18:27.146765,Manchester
2026-02-16T18:00,5.0,88,8.0,2026-02-13 18:18:27.146765,Manchester
2026-02-16T19:00,4.3,91,6.5,2026-02-13 18:18:27.146765,Manchester
2026-02-16T20:00,3.6,93,5.2,2026-02-13 18:18:27.146765,Manchester
2026-02-16T21:00,3.1,95,4.0,2026-02-13 18:18:27.146765,Manchester
2026-02-16T22:00,2.8,96,2.3,2026-02-13 18:18:27.146765,Manchester
2026-02-16T23:00,2.7,97,0.7,2026-02-13 18:18:27.146765,Manchester
2026-02-17T00:00,2.5,97,1.6,2026-02-13 18:18:27.146765,Manchester
2026-02-17T01:00,2.1,98,2.5,2026-02-13 18:18:27.146765,Manchester
2026-02-17T02:00,1.6,98,3.1,2026-02-13 18:18:27.146765,Manchester
2026-02-17T03:00,1.2,99,3.9,2026-02-13 18:18:27.146765,Manchester
2026-02-17T04:00,0.8,100,4.1,2026-02-13 18:18:27.146765,Manchester
2026-02-17T05:00,0.4,100,3.9,2026-02-13 18:18:27.146765,Manchester
2026-02-17T06:00,0.2,99,3.7,2026-02-13 18:18:27.146765,Manchester
2026-02-17T07:00,0.3,96,3.9,2026-02-13 18:18:27.146765,Manchester
2026-02-17T08:00,0.5,92,3.6,2026-02-13 18:18:27.146765,Manchester
2026-02-17T09:00,1.1,87,3.7,2026-02-13 18:18:27.146765,Manchester
2026-02-17T10:00,2.5,80,4.3,2026-02-13 18:18:27.146765,Manchester
2026-02-17T11:00,4.2,72,5.7,2026-02-13 18:18:27.146765,Manchester
2026-02-17T12:00,5.5,66,7.7,2026-02-13 18:18:27.146765,Manchester
2026-02-17T13:00,6.1,63,9.9,2026-02-13 18:18:27.146765,Manchester
2026-02-17T14:00,6.2,62,12.3,2026-02-13 18:18:27.146765,Manchester
2026-02-17T15:00,6.1,62,13.8,2026-02-13 18:18:27.146765,Manchester
2026-02-17T16:00,5.6,65,14.4,2026-02-13 18:18:27.146765,Manchester
2026-02-17T17:00,4.9,70,14.1,2026-02-13 18:18:27.146765,Manchester
2026-02-17T18:00,4.4,74,14.7,2026-02-13 18:18:27.146765,Manchester
2026-02-17T19:00,4.2,76,17.0,2026-02-13 18:18:27.146765,Manchester
2026-02-17T20:00,4.1,77,20.3,2026-02-13 18:18:27.146765,Manchester
2026-02-17T21:00,4.0,78,22.4,2026-02-13 18:18:27.146765,Manchester
2026-02-17T22:00,3.8,80,22.6,2026-02-13 18:18:27.146765,Manchester
2026-02-17T23:00,3.6,83,22.4,2026-02-13 18:18:27.146765,Manchester
2026-02-18T00:00,3.4,85,22.6,2026-02-13 18:18:27.146765,Manchester
2026-02-18T01:00,3.2,85,25.0,2026-02-13 18:18:27.146765,Manchester
2026-02-18T02:00,3.0,85,28.3,2026-02-13 18:18:27.146765,Manchester
2026-02-18T03:00,3.1,85,29.4,2026-02-13 18:18:27.146765,Manchester
2026-02-18T04:00,3.9,86,25.8,2026-02-13 18:18:27.146765,Manchester
2026-02-18T05:00,5.0,88,20.1,2026-02-13 18:18:27.146765,Manchester
2026-02-18T06:00,5.9,89,16.4,2026-02-13 18:18:27.146765,Manchester
2026-02-18T07:00,6.4,87,17.8,2026-02-13 18:18:27.146765,Manchester
2026-02-18T08:00,6.6,84,21.4,2026-02-13 18:18:27.146765,Manchester
2026-02-18T09:00,6.9,82,22.6,2026-02-13 18:18:27.146765,Manchester
2026-02-18T10:00,7.5,82,20.6,2026-02-13 18:18:27.146765,Manchester
2026-02-18T11:00,8.2,84,21.2,2026-02-13 18:18:27.146765,Manchester
2026-02-18T12:00,8.6,84,24.8,2026-02-13 18:18:27.146765,Manchester
2026-02-18T13:00,8.5,83,26.8,2026-02-13 18:18:27.146765,Manchester
2026-02-18T14:00,8.1,81,27.4,2026-02-13 18:18:27.146765,Manchester
2026-02-18T15:00,7.6,81,28.4,2026-02-13 18:18:27.146765,Manchester
2026-02-18T16:00,6.9,83,28.6,2026-02-13 18:18:27.146765,Manchester
2026-02-18T17:00,6.2,86,28.3,2026-02-13 18:18:27.146765,Manchester
2026-02-18T18:00,5.6,88,27.2,2026-02-13 18:18:27.146765,Manchester
2026-02-18T19:00,5.4,89,26.1,2026-02-13 18:18:27.146765,Manchester
2026-02-18T20:00,5.3,89,24.6,2026-02-13 18:18:27.146765,Manchester
2026-02-18T21:00,5.2,89,22.9,2026-02-13 18:18:27.146765,Manchester
2026-02-18T22:00,5.2,90,20.5,2026-02-13 18:18:27.146765,Manchester
2026-02-18T23:00,5.2,92,17.6,2026-02-13 18:18:27.146765,Manchester
2026-02-19T00:00,5.2,93,14.9,2026-02-13 18:18:27.146765,Manchester
2026-02-19T01:00,4.9,92,12.6,2026-02-13 18:18:27.146765,Manchester
2026-02-19T02:00,4.5,91,11.2,2026-02-13 18:18:27.146765,Manchester
2026-02-19T03:00,4.2,90,10.5,2026-02-13 18:18:27.146765,Manchester
2026-02-19T04:00,4.0,90,11.2,2026-02-13 18:18:27.146765,Manchester
2026-02-19T05:00,3.8,90,12.3,2026-02-13 18:18:27.146765,Manchester
2026-02-19T06:00,3.7,89,13.7,2026-02-13 18:18:27.146765,Manchester
2026-02-19T07:00,3.7,88,15.6,2026-02-13 18:18:27.146765,Manchester
2026-02-19T08:00,3.9,86,18.2,2026-02-13 18:18:27.146765,Manchester
2026-02-19T09:00,4.2,83,19.9,2026-02-13 18:18:27.146765,Manchester
2026-02-19T10:00,4.8,79,20.7,2026-02-13 18:18:27.146765,Manchester
2026-02-19T11:00,5.6,74,21.3,2026-02-13 18:18:27.146765,Manchester
2026-02-19T12:00,6.1,70,22.3,2026-02-13 18:18:27.146765,Manchester
2026-02-19T13:00,6.1,68,23.5,2026-02-13 18:18:27.146765,Manchester
2026-02-19T14:00,5.9,68,25.1,2026-02-13 18:18:27.146765,Manchester
2026-02-19T15:00,5.5,68,26.0,2026-02-13 18:18:27.146765,Manchester
2026-02-19T16:00,5.1,69,26.3,2026-02-13 18:18:27.146765,Manchester
2026-02-19T17:00,4.7,71,25.6,2026-02-13 18:18:27.146765,Manchester
2026-02-19T18:00,4.3,71,24.5,2026-02-13 18:18:27.146765,Manchester
2026-02-19T19:00,3.9,69,22.3,2026-02-13 18:18:27.146765,Manchester
2026-02-19T20:00,3.6,65,19.4,2026-02-13 18:18:27.146765,Manchester
2026-02-19T21:00,3.3,63,16.9,2026-02-13 18:18:27.146765,Manchester
2026-02-19T22:00,3.1,64,15.1,2026-02-13 18:18:27.146765,Manchester
2026-02-19T23:00,2.9,68,13.7,2026-02-13 18:18:27.146765,Manchester
2026-02-20T00:00,4.2,88,6.7,2026-02-20 00:03:13.087019,Manchester
2026-02-20T01:00,4.2,88,6.8,2026-02-20 00:03:13.087019,Manchester
2026-02-20T02:00,4.2,90,6.6,2026-02-20 00:03:13.087019,Manchester
2026-02-20T03:00,4.1,90,6.9,2026-02-20 00:03:13.087019,Manchester
2026-02-20T04:00,4.1,87,7.2,2026-02-20 00:03:13.087019,Manchester
2026-02-20T05:00,4.2,85,8.7,2026-02-20 00:03:13.087019,Manchester
2026-02-20T06:00,4.2,85,9.4,2026-02-20 00:03:13.087019,Manchester
2026-02-20T07:00,4.4,87,9.7,2026-02-20 00:03:13.087019,Manchester
2026-02-20T08:00,4.8,87,12.6,2026-02-20 00:03:13.087019,Manchester
2026-02-20T09:00,5.5,82,15.5,2026-02-20 00:03:13.087019,Manchester
2026-02-20T10:00,6.1,83,18.1,2026-02-20 00:03:13.087019,Manchester
2026-02-20T11:00,6.6,84,17.9,2026-02-20 00:03:13.087019,Manchester
2026-02-20T12:00,7.5,84,19.1,2026-02-20 00:03:13.087019,Manchester
2026-02-20T13:00,8.7,84,17.5,2026-02-20 00:03:13.087019,Manchester
2026-02-20T14:00,9.9,83,14.7,2026-02-20 00:03:13.087019,Manchester
2026-02-20T15:00,10.3,85,12.3,2026-02-20 00:03:13.087019,Manchester
2026-02-20T16:00,10.2,84,13.7,2026-02-20 00:03:13.087019,Manchester
2026-02-20T17:00,9.8,81,17.9,2026-02-20 00:03:13.087019,Manchester
2026-02-20T18:00,9.5,77,17.7,2026-02-20 00:03:13.087019,Manchester
2026-02-20T19:00,9.2,79,15.9,2026-02-20 00:03:13.087019,Manchester
2026-02-20T20:00,8.9,80,15.6,2026-02-20 00:03:13.087019,Manchester
2026-02-20T21:00,8.9,79,17.0,2026-02-20 00:03:13.087019,Manchester
2026-02-20T22:00,9.0,78,17.7,2026-02-20 00:03:13.087019,Manchester
2026-02-20T23:00,8.8,78,15.6,2026-02-20 00:03:13.087019,Manchester
2026-02-21T00:00,8.8,78,16.0,2026-02-20 00:03:13.087019,Manchester
2026-02-21T01:00,8.8,79,15.3,2026-02-20 00:03:13.087019,Manchester
2026-02-21T02:00,8.6,80,14.7,2026-02-20 00:03:13.087019,Manchester
2026-02-21T03:00,8.2,80,11.3,2026-02-20 00:03:13.087019,Manchester
2026-02-21T04:00,7.3,85,7.4,2026-02-20 00:03:13.087019,Manchester
2026-02-21T05:00,6.9,89,6.3,2026-02-20 00:03:13.087019,Manchester
2026-02-21T06:00,7.2,91,6.8,2026-02-20 00:03:13.087019,Manchester
2026-02-21T07:00,7.7,91,7.2,2026-02-20 00:03:13.087019,Manchester
2026-02-21T08:00,8.1,90,8.4,2026-02-20 00:03:13.087019,Manchester
2026-02-21T09:00,8.8,88,10.0,2026-02-20 00:03:13.087019,Manchester
2026-02-21T10:00,9.8,85,9.7,2026-02-20 00:03:13.087019,Manchester
2026-02-21T11:00,11.3,80,12.1,2026-02-20 00:03:13.087019,Manchester
2026-02-21T12:00,12.1,75,17.6,2026-02-20 00:03:13.087019,Manchester
2026-02-21T13:00,12.3,76,13.6,2026-02-20 00:03:13.087019,Manchester
2026-02-21T14:00,11.8,84,11.9,2026-02-20 00:03:13.087019,Manchester
2026-02-21T15:00,11.3,88,14.8,2026-02-20 00:03:13.087019,Manchester
2026-02-21T16:00,11.7,89,16.0,2026-02-20 00:03:13.087019,Manchester
2026-02-21T17:00,12.2,87,15.3,2026-02-20 00:03:13.087019,Manchester
2026-02-21T18:00,12.2,87,15.9,2026-02-20 00:03:13.087019,Manchester
2026-02-21T19:00,11.8,87,16.6,2026-02-20 00:03:13.087019,Manchester
2026-02-21T20:00,11.5,88,13.4,2026-02-20 00:03:13.087019,Manchester
2026-02-21T21:00,11.0,89,13.8,2026-02-20 00:03:13.087019,Manchester
2026-02-21T22:00,11.0,89,15.8,2026-02-20 00:03:13.087019,Manchester
2026-02-21T23:00,11.2,88,16.8,2026-02-20 00:03:13.087019,Manchester
2026-02-22T00:00,11.1,90,13.5,2026-02-20 00:03:13.087019,Manchester
2026-02-22T01:00,11.0,92,12.5,2026-02-20 00:03:13.087019,Manchester
2026-02-22T02:00,10.8,93,10.5,2026-02-20 00:03:13.087019,Manchester
2026-02-22T03:00,10.7,94,10.8,2026-02-20 00:03:13.087019,Manchester
2026-02-22T04:00,10.8,92,13.2,2026-02-20 00:03:13.087019,Manchester
2026-02-22T05:00,10.6,92,14.1,2026-02-20 00:03:13.087019,Manchester
2026-02-22T06:00,10.4,93,12.6,2026-02-20 00:03:13.087019,Manchester
2026-02-22T07:00,10.0,92,10.9,2026-02-20 00:03:13.087019,Manchester
2026-02-22T08:00,9.7,91,10.9,2026-02-20 00:03:13.087019,Manchester
2026-02-22T09:00,9.7,92,9.7,2026-02-20 00:03:13.087019,Manchester
2026-02-22T10:00,10.7,83,13.3,2026-02-20 00:03:13.087019,Manchester
2026-02-22T11:00,11.4,70,17.3,2026-02-20 00:03:13.087019,Manchester
2026-02-22T12:00,12.0,64,17.9,2026-02-20 00:03:13.087019,Manchester
2026-02-22T13:00,12.5,58,18.9,2026-02-20 00:03:13.087019,Manchester
2026-02-22T14:00,12.5,57,20.4,2026-02-20 00:03:13.087019,Manchester
2026-02-22T15:00,12.1,61,18.7,2026-02-20 00:03:13.087019,Manchester
2026-02-22T16:00,11.7,60,20.0,2026-02-20 00:03:13.087019,Manchester
2026-02-22T17:00,10.9,66,17.1,2026-02-20 00:03:13.087019,Manchester
2026-02-22T18:00,10.0,71,14.8,2026-02-20 00:03:13.087019,Manchester
2026-02-22T19:00,9.6,75,16.0,2026-02-20 00:03:13.087019,Manchester
2026-02-22T20:00,9.4,76,16.6,2026-02-20 00:03:13.087019,Manchester
2026-02-22T21:00,8.9,84,15.9,2026-02-20 00:03:13.087019,Manchester
2026-02-22T22:00,8.8,82,13.3,2026-02-20 00:03:13.087019,Manchester
2026-02-22T23:00,8.7,82,13.8,2026-02-20 00:03:13.087019,Manchester
2026-02-23T00:00,8.3,83,14.6,2026-02-20 00:03:13.087019,Manchester
2026-02-23T01:00,8.0,82,14.3,2026-02-20 00:03:13.087019,Manchester
2026-02-23T02:00,7.7,81,13.8,2026-02-20 00:03:13.087019,Manchester
2026-02-23T03:00,7.4,80,13.3,2026-02-20 00:03:13.087019,Manchester
2026-02-23T04:00,7.2,80,13.0,2026-02-20 00:03:13.087019,Manchester
2026-02-23T05:00,7.1,81,12.5,2026-02-20 00:03:13.087019,Manchester
2026-02-23T06:00,7.1,81,12.5,2026-02-20 00:03:13.087019,Manchester
2026-02-23T07:00,7.3,80,12.8,2026-02-20 00:03:13.087019,Manchester
2026-02-23T08:00,7.7,77,13.4,2026-02-20 00:03:13.087019,Manchester
2026-02-23T09:00,8.2,74,14.5,2026-02-20 00:03:13.087019,Manchester
2026-02-23T10:00,8.9,69,17.4,2026-02-20 00:03:13.087019,Manchester
2026-02-23T11:00,9.7,64,21.8,2026-02-20 00:03:13.087019,Manchester
2026-02-23T12:00,10.3,60,24.9,2026-02-20 00:03:13.087019,Manchester
2026-02-23T13:00,10.6,60,25.2,2026-02-20 00:03:13.087019,Manchester
2026-02-23T14:00,10.6,63,23.8,2026-02-20 00:03:13.087019,Manchester
2026-02-23T15:00,10.5,65,21.6,2026-02-20 00:03:13.087019,Manchester
2026-02-23T16:00,10.2,66,18.4,2026-02-20 00:03:13.087019,Manchester
2026-02-23T17:00,9.7,67,14.1,2026-02-20 00:03:13.087019,Manchester
2026-02-23T18:00,9.3,69,10.8,2026-02-20 00:03:13.087019,Manchester
2026-02-23T19:00,8.7,73,8.7,2026-02-20 00:03:13.087019,Manchester
2026-02-23T20:00,8.2,79,7.8,2026-02-20 00:03:13.087019,Manchester
2026-02-23T21:00,7.8,83,8.3,2026-02-20 00:03:13.087019,Manchester
2026-02-23T22:00,7.8,85,9.1,2026-02-20 00:03:13.087019,Manchester
2026-02-23T23:00,8.0,85,10.1,2026-02-20 00:03:13.087019,Manchester
2026-02-24T00:00,8.2,86,10.9,2026-02-20 00:03:13.087019,Manchester
2026-02-24T01:00,8.4,88,11.5,2026-02-20 00:03:13.087019,Manchester
2026-02-24T02:00,8.6,90,11.7,2026-02-20 00:03:13.087019,Manchester
2026-02-24T03:00,8.8,91,12.3,2026-02-20 00:03:13.087019,Manchester
2026-02-24T04:00,9.3,92,13.3,2026-02-20 00:03:13.087019,Manchester
2026-02-24T05:00,9.9,92,14.1,2026-02-20 00:03:13.087019,Manchester
2026-02-24T06:00,10.3,92,14.8,2026-02-20 00:03:13.087019,Manchester
2026-02-24T07:00,10.6,91,14.4,2026-02-20 00:03:13.087019,Manchester
2026-02-24T08:00,10.9,89,13.8,2026-02-20 00:03:13.087019,Manchester
2026-02-24T09:00,11.0,87,13.4,2026-02-20 00:03:13.087019,Manchester
2026-02-24T10:00,11.1,84,13.7,2026-02-20 00:03:13.087019,Manchester
2026-02-24T11:00,11.1,81,14.6,2026-02-20 00:03:13.087019,Manchester
2026-02-24T12:00,11.2,78,15.7,2026-02-20 00:03:13.087019,Manchester
2026-02-24T13:00,11.3,77,16.8,2026-02-20 00:03:13.087019,Manchester
2026-02-24T14:00,11.5,76,17.7,2026-02-20 00:03:13.087019,Manchester
2026-02-24T15:00,11.5,76,18.6,2026-02-20 00:03:13.087019,Manchester
2026-02-24T16:00,11.4,77,19.6,2026-02-20 00:03:13.087019,Manchester
2026-02-24T17:00,11.1,78,20.0,2026-02-20 00:03:13.087019,Manchester
2026-02-24T18:00,10.9,80,20.4,2026-02-20 00:03:13.087019,Manchester
2026-02-24T19:00,11.4,81,19.3,2026-02-20 00:03:13.087019,Manchester
2026-02-24T20:00,11.2,83,18.8,2026-02-20 00:03:13.087019,Manchester
2026-02-24T21:00,11.0,85,18.4,2026-02-20 00:03:13.087019,Manchester
2026-02-24T22:00,10.9,87,17.7,2026-02-20 00:03:13.087019,Manchester
2026-02-24T23:00,10.9,89,17.0,2026-02-20 00:03:13.087019,Manchester
2026-02-25T00:00,10.8,90,16.3,2026-02-20 00:03:13.087019,Manchester
2026-02-25T01:00,10.8,90,15.6,2026-02-20 00:03:13.087019,Manchester
2026-02-25T02:00,10.8,89,14.7,2026-02-20 00:03:13.087019,Manchester
2026-02-25T03:00,10.8,89,14.1,2026-02-20 00:03:13.087019,Manchester
2026-02-25T04:00,10.5,90,13.0,2026-02-20 00:03:13.087019,Manchester
2026-02-25T05:00,10.2,92,12.3,2026-02-20 00:03:13.087019,Manchester
2026-02-25T06:00,9.9,93,11.6,2026-02-20 00:03:13.087019,Manchester
2026-02-25T07:00,9.7,92,11.3,2026-02-20 00:03:13.087019,Manchester
2026-02-25T08:00,9.6,90,11.2,2026-02-20 00:03:13.087019,Manchester
2026-02-25T09:00,9.7,88,11.0,2026-02-20 00:03:13.087019,Manchester
2026-02-25T10:00,10.2,86,11.6,2026-02-20 00:03:13.087019,Manchester
2026-02-25T11:00,10.9,83,12.8,2026-02-20 00:03:13.087019,Manchester
2026-02-25T12:00,11.4,80,13.6,2026-02-20 00:03:13.087019,Manchester
2026-02-25T13:00,11.7,76,12.9,2026-02-20 00:03:13.087019,Manchester
2026-02-25T14:00,11.9,72,12.1,2026-02-20 00:03:13.087019,Manchester
2026-02-25T15:00,11.7,70,11.5,2026-02-20 00:03:13.087019,Manchester
2026-02-25T16:00,11.1,73,10.5,2026-02-20 00:03:13.087019,Manchester
2026-02-25T17:00,10.1,78,8.3,2026-02-20 00:03:13.087019,Manchester
2026-02-25T18:00,9.1,83,6.5,2026-02-20 00:03:13.087019,Manchester
2026-02-25T19:00,8.0,85,4.9,2026-02-20 00:03:13.087019,Manchester
2026-02-25T20:00,7.0,86,3.9,2026-02-20 00:03:13.087019,Manchester
2026-02-25T21:00,6.2,87,3.6,2026-02-20 00:03:13.087019,Manchester
2026-02-25T22:00,5.7,89,3.4,2026-02-20 00:03:13.087019,Manchester
2026-02-25T23:00,5.5,91,3.1,2026-02-20 00:03:13.087019,Manchester
2026-02-26T00:00,5.4,92,2.8,2026-02-20 00:03:13.087019,Manchester
2026-02-26T01:00,5.3,92,2.5,2026-02-20 00:03:13.087019,Manchester
2026-02-26T02:00,5.3,92,3.2,2026-02-20 00:03:13.087019,Manchester
2026-02-26T03:00,5.4,92,5.0,2026-02-20 00:03:13.087019,Manchester
2026-02-26T04:00,5.7,92,7.2,2026-02-20 00:03:13.087019,Manchester
2026-02-26T05:00,6.0,91,10.5,2026-02-20 00:03:13.087019,Manchester
2026-02-26T06:00,6.3,90,13.7,2026-02-20 00:03:13.087019,Manchester
2026-02-26T07:00,6.6,89,17.0,2026-02-20 00:03:13.087019,Manchester
2026-02-26T08:00,6.8,87,20.4,2026-02-20 00:03:13.087019,Manchester
2026-02-26T09:00,7.2,86,23.0,2026-02-20 00:03:13.087019,Manchester
2026-02-26T10:00,7.8,86,24.2,2026-02-20 00:03:13.087019,Manchester
2026-02-26T11:00,8.6,85,24.5,2026-02-20 00:03:13.087019,Manchester
2026-02-26T12:00,9.2,84,23.6,2026-02-20 00:03:13.087019,Manchester
2026-02-26T13:00,9.8,80,21.8,2026-02-20 00:03:13.087019,Manchester
2026-02-26T14:00,10.3,76,22.0,2026-02-20 00:03:13.087019,Manchester
2026-02-26T15:00,10.5,73,24.7,2026-02-20 00:03:13.087019,Manchester
2026-02-26T16:00,10.1,73,26.3,2026-02-20 00:03:13.087019,Manchester
2026-02-26T17:00,9.4,74,26.2,2026-02-20 00:03:13.087019,Manchester
2026-02-26T18:00,8.6,76,26.4,2026-02-20 00:03:13.087019,Manchester
2026-02-26T19:00,7.8,78,27.1,2026-02-20 00:03:13.087019,Manchester
2026-02-26T20:00,6.8,81,27.7,2026-02-20 00:03:13.087019,Manchester
2026-02-26T21:00,6.0,82,27.8,2026-02-20 00:03:13.087019,Manchester
2026-02-26T22:00,5.6,79,26.4,2026-02-20 00:03:13.087019,Manchester
2026-02-26T23:00,5.3,75,23.9,2026-02-20 00:03:13.087019,Manchester
2026-02-17T00:00,3.4,70,15.5,2026-02-17 00:05:06.232442,Manchester
2026-02-17T01:00,2.8,72,14.3,2026-02-17 00:05:06.232442,Manchester
2026-02-17T02:00,2.3,74,12.6,2026-02-17 00:05:06.232442,Manchester
2026-02-17T03:00,2.0,77,9.8,2026-02-17 00:05:06.232442,Manchester
2026-02-17T04:00,1.6,78,6.9,2026-02-17 00:05:06.232442,Manchester
2026-02-17T05:00,1.3,80,5.7,2026-02-17 00:05:06.232442,Manchester
2026-02-17T06:00,1.0,82,4.8,2026-02-17 00:05:06.232442,Manchester
2026-02-17T07:00,0.8,83,4.2,2026-02-17 00:05:06.232442,Manchester
2026-02-17T08:00,0.7,83,4.5,2026-02-17 00:05:06.232442,Manchester
2026-02-17T09:00,1.3,78,5.1,2026-02-17 00:05:06.232442,Manchester
2026-02-17T10:00,2.7,68,6.9,2026-02-17 00:05:06.232442,Manchester
2026-02-17T11:00,3.7,54,10.3,2026-02-17 00:05:06.232442,Manchester
2026-02-17T12:00,4.3,50,10.5,2026-02-17 00:05:06.232442,Manchester
2026-02-17T13:00,4.8,45,9.6,2026-02-17 00:05:06.232442,Manchester
2026-02-17T14:00,5.1,43,8.7,2026-02-17 00:05:06.232442,Manchester
2026-02-17T15:00,5.1,41,9.5,2026-02-17 00:05:06.232442,Manchester
2026-02-17T16:00,5.0,44,8.9,2026-02-17 00:05:06.232442,Manchester
2026-02-17T17:00,4.5,48,11.0,2026-02-17 00:05:06.232442,Manchester
2026-02-17T18:00,3.4,57,9.3,2026-02-17 00:05:06.232442,Manchester
2026-02-17T19:00,2.6,63,5.4,2026-02-17 00:05:06.232442,Manchester
2026-02-17T20:00,1.9,68,3.7,2026-02-17 00:05:06.232442,Manchester
2026-02-17T21:00,1.4,72,4.0,2026-02-17 00:05:06.232442,Manchester
2026-02-17T22:00,1.2,73,4.7,2026-02-17 00:05:06.232442,Manchester
2026-02-17T23:00,1.3,72,5.8,2026-02-17 00:05:06.232442,Manchester
2026-02-18T00:00,1.5,72,6.1,2026-02-17 00:05:06.232442,Manchester
2026-02-18T01:00,1.7,73,6.9,2026-02-17 00:05:06.232442,Manchester
2026-02-18T02:00,1.9,73,10.5,2026-02-17 00:05:06.232442,Manchester
2026-02-18T03:00,2.1,75,11.2,2026-02-17 00:05:06.232442,Manchester
2026-02-18T04:00,2.2,75,11.2,2026-02-17 00:05:06.232442,Manchester
2026-02-18T05:00,2.0,77,10.1,2026-02-17 00:05:06.232442,Manchester
2026-02-18T06:00,1.9,77,11.2,2026-02-17 00:05:06.232442,Manchester
2026-02-18T07:00,1.8,77,12.5,2026-02-17 00:05:06.232442,Manchester
2026-02-18T08:00,1.8,73,11.7,2026-02-17 00:05:06.232442,Manchester
2026-02-18T09:00,2.3,71,14.6,2026-02-17 00:05:06.232442,Manchester
2026-02-18T10:00,3.0,68,18.3,2026-02-17 00:05:06.232442,Manchester
2026-02-18T11:00,3.7,64,18.3,2026-02-17 00:05:06.232442,Manchester
2026-02-18T12:00,4.4,59,21.7,2026-02-17 00:05:06.232442,Manchester
2026-02-18T13:00,4.9,54,22.1,2026-02-17 00:05:06.232442,Manchester
2026-02-18T14:00,4.8,56,24.2,2026-02-17 00:05:06.232442,Manchester
2026-02-18T15:00,4.8,56,22.0,2026-02-17 00:05:06.232442,Manchester
2026-02-18T16:00,4.6,58,22.0,2026-02-17 00:05:06.232442,Manchester
2026-02-18T17:00,3.9,60,22.3,2026-02-17 00:05:06.232442,Manchester
2026-02-18T18:00,3.2,63,20.3,2026-02-17 00:05:06.232442,Manchester
2026-02-18T19:00,2.6,66,19.2,2026-02-17 00:05:06.232442,Manchester
2026-02-18T20:00,2.4,68,19.3,2026-02-17 00:05:06.232442,Manchester
2026-02-18T21:00,2.3,69,19.8,2026-02-17 00:05:06.232442,Manchester
2026-02-18T22:00,2.3,69,19.1,2026-02-17 00:05:06.232442,Manchester
2026-02-18T23:00,2.3,70,17.8,2026-02-17 00:05:06.232442,Manchester
2026-02-19T00:00,2.4,73,18.2,2026-02-17 00:05:06.232442,Manchester
2026-02-19T01:00,2.6,74,19.2,2026-02-17 00:05:06.232442,Manchester
2026-02-19T02:00,2.6,73,19.2,2026-02-17 00:05:06.232442,Manchester
2026-02-19T03:00,2.6,70,20.6,2026-02-17 00:05:06.232442,Manchester
2026-02-19T04:00,2.5,67,19.5,2026-02-17 00:05:06.232442,Manchester
2026-02-19T05:00,2.3,65,18.8,2026-02-17 00:05:06.232442,Manchester
2026-02-19T06:00,2.2,68,18.7,2026-02-17 00:05:06.232442,Manchester
2026-02-19T07:00,2.3,70,20.1,2026-02-17 00:05:06.232442,Manchester
2026-02-19T08:00,2.6,71,20.1,2026-02-17 00:05:06.232442,Manchester
2026-02-19T09:00,3.1,69,20.3,2026-02-17 00:05:06.232442,Manchester
2026-02-19T10:00,3.9,65,19.2,2026-02-17 00:05:06.232442,Manchester
2026-02-19T11:00,4.8,62,18.1,2026-02-17 00:05:06.232442,Manchester
2026-02-19T12:00,5.7,58,14.8,2026-02-17 00:05:06.232442,Manchester
2026-02-19T13:00,6.4,49,13.3,2026-02-17 00:05:06.232442,Manchester
2026-02-19T14:00,6.5,45,10.5,2026-02-17 00:05:06.232442,Manchester
2026-02-19T15:00,6.3,47,10.3,2026-02-17 00:05:06.232442,Manchester
2026-02-19T16:00,5.8,51,13.4,2026-02-17 00:05:06.232442,Manchester
2026-02-19T17:00,4.6,57,8.7,2026-02-17 00:05:06.232442,Manchester
2026-02-19T18:00,3.2,62,3.7,2026-02-17 00:05:06.232442,Manchester
2026-02-19T19:00,2.3,61,3.8,2026-02-17 00:05:06.232442,Manchester
2026-02-19T20:00,1.3,68,4.8,2026-02-17 00:05:06.232442,Manchester
2026-02-19T21:00,0.9,69,2.2,2026-02-17 00:05:06.232442,Manchester
2026-02-19T22:00,1.2,67,3.1,2026-02-17 00:05:06.232442,Manchester
2026-02-19T23:00,0.6,71,4.7,2026-02-17 00:05:06.232442,Manchester
2026-02-20T00:00,-0.0,74,4.1,2026-02-17 00:05:06.232442,Manchester
2026-02-20T01:00,0.0,74,4.6,2026-02-17 00:05:06.232442,Manchester
2026-02-20T02:00,0.2,73,5.1,2026-02-17 00:05:06.232442,Manchester
2026-02-20T03:00,0.4,73,6.0,2026-02-17 00:05:06.232442,Manchester
2026-02-20T04:00,0.5,73,6.8,2026-02-17 00:05:06.232442,Manchester
2026-02-20T05:00,0.7,74,7.9,2026-02-17 00:05:06.232442,Manchester
2026-02-20T06:00,0.9,76,8.8,2026-02-17 00:05:06.232442,Manchester
2026-02-20T07:00,1.0,81,9.5,2026-02-17 00:05:06.232442,Manchester
2026-02-20T08:00,1.2,86,10.2,2026-02-17 00:05:06.232442,Manchester
2026-02-20T09:00,1.8,89,10.9,2026-02-17 00:05:06.232442,Manchester
2026-02-20T10:00,3.2,86,12.3,2026-02-17 00:05:06.232442,Manchester
2026-02-20T11:00,5.0,80,15.0,2026-02-17 00:05:06.232442,Manchester
2026-02-20T12:00,6.6,77,17.3,2026-02-17 00:05:06.232442,Manchester
2026-02-20T13:00,7.5,80,18.5,2026-02-17 00:05:06.232442,Manchester
2026-02-20T14:00,8.1,85,19.1,2026-02-17 00:05:06.232442,Manchester
2026-02-20T15:00,8.6,89,19.4,2026-02-17 00:05:06.232442,Manchester
2026-02-20T16:00,9.0,90,19.8,2026-02-17 00:05:06.232442,Manchester
2026-02-20T17:00,9.1,90,20.3,2026-02-17 00:05:06.232442,Manchester
2026-02-20T18:00,9.3,89,19.9,2026-02-17 00:05:06.232442,Manchester
2026-02-20T19:00,9.6,89,18.2,2026-02-17 00:05:06.232442,Manchester
2026-02-20T20:00,9.8,89,16.1,2026-02-17 00:05:06.232442,Manchester
2026-02-20T21:00,9.9,88,14.6,2026-02-17 00:05:06.232442,Manchester
2026-02-20T22:00,9.9,87,13.8,2026-02-17 00:05:06.232442,Manchester
2026-02-20T23:00,9.9,85,13.4,2026-02-17 00:05:06.232442,Manchester
2026-02-21T00:00,9.8,85,12.2,2026-02-17 00:05:06.232442,Manchester
2026-02-21T01:00,9.6,88,10.0,2026-02-17 00:05:06.232442,Manchester
2026-02-21T02:00,9.3,93,8.1,2026-02-17 00:05:06.232442,Manchester
2026-02-21T03:00,9.2,95,7.6,2026-02-17 00:05:06.232442,Manchester
2026-02-21T04:00,9.3,93,8.8,2026-02-17 00:05:06.232442,Manchester
2026-02-21T05:00,9.5,90,11.5,2026-02-17 00:05:06.232442,Manchester
2026-02-21T06:00,9.7,87,13.0,2026-02-17 00:05:06.232442,Manchester
2026-02-21T07:00,9.5,88,12.5,2026-02-17 00:05:06.232442,Manchester
2026-02-21T08:00,9.3,90,11.8,2026-02-17 00:05:06.232442,Manchester
2026-02-21T09:00,9.5,90,11.8,2026-02-17 00:05:06.232442,Manchester
2026-02-21T10:00,10.7,85,13.7,2026-02-17 00:05:06.232442,Manchester
2026-02-21T11:00,12.2,77,17.6,2026-02-17 00:05:06.232442,Manchester
2026-02-21T12:00,13.3,73,20.4,2026-02-17 00:05:06.232442,Manchester
2026-02-21T13:00,13.4,76,19.5,2026-02-17 00:05:06.232442,Manchester
2026-02-21T14:00,13.0,83,17.6,2026-02-17 00:05:06.232442,Manchester
2026-02-21T15:00,12.6,88,16.1,2026-02-17 00:05:06.232442,Manchester
2026-02-21T16:00,12.5,88,17.2,2026-02-17 00:05:06.232442,Manchester
2026-02-21T17:00,12.4,85,18.7,2026-02-17 00:05:06.232442,Manchester
2026-02-21T18:00,12.3,84,19.7,2026-02-17 00:05:06.232442,Manchester
2026-02-21T19:00,11.6,85,17.7,2026-02-17 00:05:06.232442,Manchester
2026-02-21T20:00,11.6,86,15.5,2026-02-17 00:05:06.232442,Manchester
2026-02-21T21:00,11.5,86,13.3,2026-02-17 00:05:06.232442,Manchester
2026-02-21T22:00,11.2,88,11.8,2026-02-17 00:05:06.232442,Manchester
2026-02-21T23:00,10.9,90,11.5,2026-02-17 00:05:06.232442,Manchester
2026-02-22T00:00,10.4,91,11.5,2026-02-17 00:05:06.232442,Manchester
2026-02-22T01:00,9.9,91,11.3,2026-02-17 00:05:06.232442,Manchester
2026-02-22T02:00,9.3,91,10.8,2026-02-17 00:05:06.232442,Manchester
2026-02-22T03:00,8.9,91,10.2,2026-02-17 00:05:06.232442,Manchester
2026-02-22T04:00,8.7,91,9.3,2026-02-17 00:05:06.232442,Manchester
2026-02-22T05:00,8.7,91,8.4,2026-02-17 00:05:06.232442,Manchester
2026-02-22T06:00,8.8,91,8.3,2026-02-17 00:05:06.232442,Manchester
2026-02-22T07:00,9.0,91,8.6,2026-02-17 00:05:06.232442,Manchester
2026-02-22T08:00,9.4,92,9.4,2026-02-17 00:05:06.232442,Manchester
2026-02-22T09:00,10.0,91,10.3,2026-02-17 00:05:06.232442,Manchester
2026-02-22T10:00,10.7,88,12.2,2026-02-17 00:05:06.232442,Manchester
2026-02-22T11:00,11.6,84,16.7,2026-02-17 00:05:06.232442,Manchester
2026-02-22T12:00,12.2,80,21.1,2026-02-17 00:05:06.232442,Manchester
2026-02-22T13:00,12.6,76,23.5,2026-02-17 00:05:06.232442,Manchester
2026-02-22T14:00,12.7,71,24.8,2026-02-17 00:05:06.232442,Manchester
2026-02-22T15:00,12.6,69,25.1,2026-02-17 00:05:06.232442,Manchester
2026-02-22T16:00,12.1,70,24.2,2026-02-17 00:05:06.232442,Manchester
2026-02-22T17:00,11.3,73,22.3,2026-02-17 00:05:06.232442,Manchester
2026-02-22T18:00,10.7,77,20.7,2026-02-17 00:05:06.232442,Manchester
2026-02-22T19:00,10.5,80,19.9,2026-02-17 00:05:06.232442,Manchester
2026-02-22T20:00,10.5,84,19.4,2026-02-17 00:05:06.232442,Manchester
2026-02-22T21:00,10.5,87,18.8,2026-02-17 00:05:06.232442,Manchester
2026-02-22T22:00,10.6,89,17.8,2026-02-17 00:05:06.232442,Manchester
2026-02-22T23:00,10.6,89,17.0,2026-02-17 00:05:06.232442,Manchester
2026-02-23T00:00,10.7,90,16.0,2026-02-17 00:05:06.232442,Manchester
2026-02-23T01:00,10.7,91,14.6,2026-02-17 00:05:06.232442,Manchester
2026-02-23T02:00,10.8,91,15.0,2026-02-17 00:05:06.232442,Manchester
2026-02-23T03:00,10.6,90,16.2,2026-02-17 00:05:06.232442,Manchester
2026-02-23T04:00,9.9,86,15.8,2026-02-17 00:05:06.232442,Manchester
2026-02-23T05:00,9.1,81,14.8,2026-02-17 00:05:06.232442,Manchester
2026-02-23T06:00,8.4,78,13.6,2026-02-17 00:05:06.232442,Manchester
2026-02-23T07:00,8.0,79,12.0,2026-02-17 00:05:06.232442,Manchester
2026-02-23T08:00,7.8,82,11.1,2026-02-17 00:05:06.232442,Manchester
2026-02-23T09:00,8.0,83,11.5,2026-02-17 00:05:06.232442,Manchester
2026-02-23T10:00,8.7,79,14.4,2026-02-17 00:05:06.232442,Manchester
2026-02-23T11:00,9.8,73,20.0,2026-02-17 00:05:06.232442,Manchester
2026-02-23T12:00,10.7,68,24.1,2026-02-17 00:05:06.232442,Manchester
2026-02-23T13:00,11.1,66,24.1,2026-02-17 00:05:06.232442,Manchester
2026-02-23T14:00,11.3,65,22.3,2026-02-17 00:05:06.232442,Manchester
2026-02-23T15:00,11.2,66,19.5,2026-02-17 00:05:06.232442,Manchester
2026-02-23T16:00,10.9,69,16.6,2026-02-17 00:05:06.232442,Manchester
2026-02-23T17:00,10.2,73,13.5,2026-02-17 00:05:06.232442,Manchester
2026-02-23T18:00,9.5,77,11.5,2026-02-17 00:05:06.232442,Manchester
2026-02-23T19:00,8.6,81,10.3,2026-02-17 00:05:06.232442,Manchester
2026-02-23T20:00,7.5,85,9.7,2026-02-17 00:05:06.232442,Manchester
2026-02-23T21:00,6.7,89,9.0,2026-02-17 00:05:06.232442,Manchester
2026-02-23T22:00,6.0,91,8.0,2026-02-17 00:05:06.232442,Manchester
2026-02-23T23:00,5.6,93,6.9,2026-02-17 00:05:06.232442,Manchester
2026-02-15T00:00,1.7,84,15.1,2026-02-15 00:00:21.066859,Manchester
2026-02-15T01:00,1.4,87,17.8,2026-02-15 00:00:21.066859,Manchester
2026-02-15T02:00,2.0,82,19.0,2026-02-15 00:00:21.066859,Manchester
2026-02-15T03:00,2.4,81,18.6,2026-02-15 00:00:21.066859,Manchester
2026-02-15T04:00,2.7,81,20.6,2026-02-15 00:00:21.066859,Manchester
2026-02-15T05:00,2.9,83,20.9,2026-02-15 00:00:21.066859,Manchester
2026-02-15T06:00,2.9,85,21.2,2026-02-15 00:00:21.066859,Manchester
2026-02-15T07:00,3.1,85,20.9,2026-02-15 00:00:21.066859,Manchester
2026-02-15T08:00,3.4,85,18.7,2026-02-15 00:00:21.066859,Manchester
2026-02-15T09:00,3.8,85,16.9,2026-02-15 00:00:21.066859,Manchester
2026-02-15T10:00,4.1,85,16.3,2026-02-15 00:00:21.066859,Manchester
2026-02-15T11:00,4.5,85,15.9,2026-02-15 00:00:21.066859,Manchester
2026-02-15T12:00,4.8,86,13.7,2026-02-15 00:00:21.066859,Manchester
2026-02-15T13:00,5.0,88,11.5,2026-02-15 00:00:21.066859,Manchester
2026-02-15T14:00,5.2,88,11.2,2026-02-15 00:00:21.066859,Manchester
2026-02-15T15:00,5.7,85,13.4,2026-02-15 00:00:21.066859,Manchester
2026-02-15T16:00,5.8,87,9.7,2026-02-15 00:00:21.066859,Manchester
2026-02-15T17:00,5.9,89,7.7,2026-02-15 00:00:21.066859,Manchester
2026-02-15T18:00,5.6,93,7.7,2026-02-15 00:00:21.066859,Manchester
2026-02-15T19:00,5.7,92,9.2,2026-02-15 00:00:21.066859,Manchester
2026-02-15T20:00,5.7,92,10.8,2026-02-15 00:00:21.066859,Manchester
2026-02-15T21:00,5.8,90,12.2,2026-02-15 00:00:21.066859,Manchester
2026-02-15T22:00,5.9,88,12.4,2026-02-15 00:00:21.066859,Manchester
2026-02-15T23:00,5.9,88,13.6,2026-02-15 00:00:21.066859,Manchester
2026-02-16T00:00,5.9,87,16.3,2026-02-15 00:00:21.066859,Manchester
2026-02-16T01:00,5.8,86,17.7,2026-02-15 00:00:21.066859,Manchester
2026-02-16T02:00,5.5,85,17.7,2026-02-15 00:00:21.066859,Manchester
2026-02-16T03:00,5.3,84,16.6,2026-02-15 00:00:21.066859,Manchester
2026-02-16T04:00,5.2,85,16.2,2026-02-15 00:00:21.066859,Manchester
2026-02-16T05:00,5.1,84,14.8,2026-02-15 00:00:21.066859,Manchester
2026-02-16T06:00,5.0,84,13.0,2026-02-15 00:00:21.066859,Manchester
2026-02-16T07:00,4.9,86,13.7,2026-02-15 00:00:21.066859,Manchester
2026-02-16T08:00,4.9,87,13.0,2026-02-15 00:00:21.066859,Manchester
2026-02-16T09:00,5.2,85,14.4,2026-02-15 00:00:21.066859,Manchester
2026-02-16T10:00,5.7,83,15.5,2026-02-15 00:00:21.066859,Manchester
2026-02-16T11:00,6.3,80,16.7,2026-02-15 00:00:21.066859,Manchester
2026-02-16T12:00,6.9,76,16.9,2026-02-15 00:00:21.066859,Manchester
2026-02-16T13:00,7.4,71,18.7,2026-02-15 00:00:21.066859,Manchester
2026-02-16T14:00,7.7,68,19.4,2026-02-15 00:00:21.066859,Manchester
2026-02-16T15:00,7.7,69,19.2,2026-02-15 00:00:21.066859,Manchester
2026-02-16T16:00,7.5,71,19.4,2026-02-15 00:00:21.066859,Manchester
2026-02-16T17:00,7.1,78,14.0,2026-02-15 00:00:21.066859,Manchester
2026-02-16T18:00,6.5,83,10.5,2026-02-15 00:00:21.066859,Manchester
2026-02-16T19:00,5.7,89,7.5,2026-02-15 00:00:21.066859,Manchester
2026-02-16T20:00,5.0,93,5.9,2026-02-15 00:00:21.066859,Manchester
2026-02-16T21:00,4.5,95,5.3,2026-02-15 00:00:21.066859,Manchester
2026-02-16T22:00,4.3,96,5.2,2026-02-15 00:00:21.066859,Manchester
2026-02-16T23:00,4.2,96,5.2,2026-02-15 00:00:21.066859,Manchester
2026-02-17T00:00,4.1,95,5.2,2026-02-15 00:00:21.066859,Manchester
2026-02-17T01:00,3.9,93,6.1,2026-02-15 00:00:21.066859,Manchester
2026-02-17T02:00,3.3,94,6.2,2026-02-15 00:00:21.066859,Manchester
2026-02-17T03:00,2.9,94,5.4,2026-02-15 00:00:21.066859,Manchester
2026-02-17T04:00,2.7,97,6.4,2026-02-15 00:00:21.066859,Manchester
2026-02-17T05:00,2.7,87,5.4,2026-02-15 00:00:21.066859,Manchester
2026-02-17T06:00,1.7,86,7.2,2026-02-15 00:00:21.066859,Manchester
2026-02-17T07:00,0.7,80,6.7,2026-02-15 00:00:21.066859,Manchester
2026-02-17T08:00,0.2,78,4.9,2026-02-15 00:00:21.066859,Manchester
2026-02-17T09:00,0.7,77,3.9,2026-02-15 00:00:21.066859,Manchester
2026-02-17T10:00,2.2,73,5.4,2026-02-15 00:00:21.066859,Manchester
2026-02-17T11:00,3.8,62,10.6,2026-02-15 00:00:21.066859,Manchester
2026-02-17T12:00,4.7,57,11.6,2026-02-15 00:00:21.066859,Manchester
2026-02-17T13:00,5.3,55,11.7,2026-02-15 00:00:21.066859,Manchester
2026-02-17T14:00,5.6,54,12.7,2026-02-15 00:00:21.066859,Manchester
2026-02-17T15:00,5.7,53,14.9,2026-02-15 00:00:21.066859,Manchester
2026-02-17T16:00,5.5,53,12.6,2026-02-15 00:00:21.066859,Manchester
2026-02-17T17:00,4.4,62,9.0,2026-02-15 00:00:21.066859,Manchester
2026-02-17T18:00,3.0,73,4.7,2026-02-15 00:00:21.066859,Manchester
2026-02-17T19:00,1.9,80,4.1,2026-02-15 00:00:21.066859,Manchester
2026-02-17T20:00,1.1,84,3.9,2026-02-15 00:00:21.066859,Manchester
2026-02-17T21:00,0.7,86,4.0,2026-02-15 00:00:21.066859,Manchester
2026-02-17T22:00,0.5,88,3.7,2026-02-15 00:00:21.066859,Manchester
2026-02-17T23:00,0.4,90,4.8,2026-02-15 00:00:21.066859,Manchester
2026-02-18T00:00,0.5,90,5.6,2026-02-15 00:00:21.066859,Manchester
2026-02-18T01:00,0.6,90,5.9,2026-02-15 00:00:21.066859,Manchester
2026-02-18T02:00,0.7,90,6.4,2026-02-15 00:00:21.066859,Manchester
2026-02-18T03:00,0.7,90,6.2,2026-02-15 00:00:21.066859,Manchester
2026-02-18T04:00,0.6,90,5.5,2026-02-15 00:00:21.066859,Manchester
2026-02-18T05:00,0.4,89,4.2,2026-02-15 00:00:21.066859,Manchester
2026-02-18T06:00,0.3,88,3.7,2026-02-15 00:00:21.066859,Manchester
2026-02-18T07:00,0.3,88,4.4,2026-02-15 00:00:21.066859,Manchester
2026-02-18T08:00,0.4,88,5.6,2026-02-15 00:00:21.066859,Manchester
2026-02-18T09:00,0.9,85,6.9,2026-02-15 00:00:21.066859,Manchester
2026-02-18T10:00,1.9,77,9.1,2026-02-15 00:00:21.066859,Manchester
2026-02-18T11:00,3.3,67,12.6,2026-02-15 00:00:21.066859,Manchester
2026-02-18T12:00,4.4,59,15.8,2026-02-15 00:00:21.066859,Manchester
2026-02-18T13:00,5.0,56,17.8,2026-02-15 00:00:21.066859,Manchester
2026-02-18T14:00,5.2,56,19.1,2026-02-15 00:00:21.066859,Manchester
2026-02-18T15:00,5.1,58,19.5,2026-02-15 00:00:21.066859,Manchester
2026-02-18T16:00,4.6,62,17.9,2026-02-15 00:00:21.066859,Manchester
2026-02-18T17:00,3.7,68,15.2,2026-02-15 00:00:21.066859,Manchester
2026-02-18T18:00,3.1,72,13.3,2026-02-15 00:00:21.066859,Manchester
2026-02-18T19:00,2.8,72,13.0,2026-02-15 00:00:21.066859,Manchester
2026-02-18T20:00,2.6,71,13.4,2026-02-15 00:00:21.066859,Manchester
2026-02-18T21:00,2.5,71,13.4,2026-02-15 00:00:21.066859,Manchester
2026-02-18T22:00,2.2,73,12.6,2026-02-15 00:00:21.066859,Manchester
2026-02-18T23:00,2.0,77,11.4,2026-02-15 00:00:21.066859,Manchester
2026-02-19T00:00,1.8,79,11.0,2026-02-15 00:00:21.066859,Manchester
2026-02-19T01:00,1.7,80,11.0,2026-02-15 00:00:21.066859,Manchester
2026-02-19T02:00,1.6,79,11.2,2026-02-15 00:00:21.066859,Manchester
2026-02-19T03:00,1.5,79,11.1,2026-02-15 00:00:21.066859,Manchester
2026-02-19T04:00,1.3,80,10.0,2026-02-15 00:00:21.066859,Manchester
2026-02-19T05:00,1.0,80,8.6,2026-02-15 00:00:21.066859,Manchester
2026-02-19T06:00,0.9,81,7.2,2026-02-15 00:00:21.066859,Manchester
2026-02-19T07:00,0.9,82,6.8,2026-02-15 00:00:21.066859,Manchester
2026-02-19T08:00,1.0,84,6.7,2026-02-15 00:00:21.066859,Manchester
2026-02-19T09:00,1.4,82,6.8,2026-02-15 00:00:21.066859,Manchester
2026-02-19T10:00,2.6,74,7.6,2026-02-15 00:00:21.066859,Manchester
2026-02-19T11:00,4.1,63,10.4,2026-02-15 00:00:21.066859,Manchester
2026-02-19T12:00,5.3,54,12.6,2026-02-15 00:00:21.066859,Manchester
2026-02-19T13:00,5.9,50,12.9,2026-02-15 00:00:21.066859,Manchester
2026-02-19T14:00,6.2,49,12.2,2026-02-15 00:00:21.066859,Manchester
2026-02-19T15:00,6.0,51,10.8,2026-02-15 00:00:21.066859,Manchester
2026-02-19T16:00,5.3,57,8.4,2026-02-15 00:00:21.066859,Manchester
2026-02-19T17:00,4.1,66,5.2,2026-02-15 00:00:21.066859,Manchester
2026-02-19T18:00,3.2,72,3.2,2026-02-15 00:00:21.066859,Manchester
2026-02-19T19:00,2.6,73,14.0,2026-02-15 00:00:21.066859,Manchester
2026-02-19T20:00,2.2,76,11.6,2026-02-15 00:00:21.066859,Manchester
2026-02-19T21:00,1.9,79,9.3,2026-02-15 00:00:21.066859,Manchester
2026-02-19T22:00,1.5,81,7.0,2026-02-15 00:00:21.066859,Manchester
2026-02-19T23:00,1.2,83,4.7,2026-02-15 00:00:21.066859,Manchester
2026-02-20T00:00,0.8,85,3.3,2026-02-15 00:00:21.066859,Manchester
2026-02-20T01:00,0.5,86,3.3,2026-02-15 00:00:21.066859,Manchester
2026-02-20T02:00,0.1,87,3.8,2026-02-15 00:00:21.066859,Manchester
2026-02-20T03:00,-0.2,87,4.2,2026-02-15 00:00:21.066859,Manchester
2026-02-20T04:00,-0.5,87,4.3,2026-02-15 00:00:21.066859,Manchester
2026-02-20T05:00,-0.7,86,4.4,2026-02-15 00:00:21.066859,Manchester
2026-02-20T06:00,-0.8,85,4.3,2026-02-15 00:00:21.066859,Manchester
2026-02-20T07:00,-0.7,84,4.0,2026-02-15 00:00:21.066859,Manchester
2026-02-20T08:00,-0.5,82,3.7,2026-02-15 00:00:21.066859,Manchester
2026-02-20T09:00,-0.1,79,4.4,2026-02-15 00:00:21.066859,Manchester
2026-02-20T10:00,0.9,75,7.2,2026-02-15 00:00:21.066859,Manchester
2026-02-20T11:00,2.1,69,11.3,2026-02-15 00:00:21.066859,Manchester
2026-02-20T12:00,3.1,65,14.5,2026-02-15 00:00:21.066859,Manchester
2026-02-20T13:00,3.7,62,15.9,2026-02-15 00:00:21.066859,Manchester
2026-02-20T14:00,4.1,59,16.2,2026-02-15 00:00:21.066859,Manchester
2026-02-20T15:00,4.3,59,16.2,2026-02-15 00:00:21.066859,Manchester
2026-02-20T16:00,4.0,63,15.8,2026-02-15 00:00:21.066859,Manchester
2026-02-20T17:00,3.3,69,14.8,2026-02-15 00:00:21.066859,Manchester
2026-02-20T18:00,2.9,74,14.1,2026-02-15 00:00:21.066859,Manchester
2026-02-20T19:00,2.7,78,13.7,2026-02-15 00:00:21.066859,Manchester
2026-02-20T20:00,2.6,82,14.1,2026-02-15 00:00:21.066859,Manchester
2026-02-20T21:00,2.7,85,14.4,2026-02-15 00:00:21.066859,Manchester
2026-02-20T22:00,2.9,88,15.8,2026-02-15 00:00:21.066859,Manchester
2026-02-20T23:00,3.3,90,18.0,2026-02-15 00:00:21.066859,Manchester
2026-02-21T00:00,3.7,92,18.8,2026-02-15 00:00:21.066859,Manchester
2026-02-21T01:00,4.2,94,17.2,2026-02-15 00:00:21.066859,Manchester
2026-02-21T02:00,4.7,95,14.7,2026-02-15 00:00:21.066859,Manchester
2026-02-21T03:00,5.3,96,12.4,2026-02-15 00:00:21.066859,Manchester
2026-02-21T04:00,5.9,96,10.8,2026-02-15 00:00:21.066859,Manchester
2026-02-21T05:00,6.5,96,9.7,2026-02-15 00:00:21.066859,Manchester
2026-02-21T06:00,7.0,96,9.2,2026-02-15 00:00:21.066859,Manchester
2026-02-21T07:00,7.5,97,9.5,2026-02-15 00:00:21.066859,Manchester
2026-02-21T08:00,7.8,97,10.7,2026-02-15 00:00:21.066859,Manchester
2026-02-21T09:00,8.4,97,11.7,2026-02-15 00:00:21.066859,Manchester
2026-02-21T10:00,9.4,95,12.6,2026-02-15 00:00:21.066859,Manchester
2026-02-21T11:00,10.6,92,13.5,2026-02-15 00:00:21.066859,Manchester
2026-02-21T12:00,11.6,89,14.4,2026-02-15 00:00:21.066859,Manchester
2026-02-21T13:00,12.2,88,15.0,2026-02-15 00:00:21.066859,Manchester
2026-02-21T14:00,12.6,87,15.8,2026-02-15 00:00:21.066859,Manchester
2026-02-21T15:00,12.8,87,16.3,2026-02-15 00:00:21.066859,Manchester
2026-02-21T16:00,12.6,88,16.5,2026-02-15 00:00:21.066859,Manchester
2026-02-21T17:00,12.2,89,17.1,2026-02-15 00:00:21.066859,Manchester
2026-02-21T18:00,11.9,90,18.3,2026-02-15 00:00:21.066859,Manchester
2026-02-21T19:00,11.6,92,19.3,2026-02-15 00:00:21.066859,Manchester
2026-02-21T20:00,11.5,93,20.2,2026-02-15 00:00:21.066859,Manchester
2026-02-21T21:00,11.3,94,20.6,2026-02-15 00:00:21.066859,Manchester
2026-02-21T22:00,11.3,93,20.6,2026-02-15 00:00:21.066859,Manchester
2026-02-21T23:00,11.3,91,20.4,2026-02-15 00:00:21.066859,Manchester
2026-02-18T00:00,3.2,72,9.7,2026-02-18 00:01:02.567279,London
2026-02-18T01:00,3.2,76,9.7,2026-02-18 00:01:02.567279,London
2026-02-18T02:00,3.3,72,10.1,2026-02-18 00:01:02.567279,London
2026-02-18T03:00,3.6,69,11.3,2026-02-18 00:01:02.567279,London
2026-02-18T04:00,3.7,69,11.6,2026-02-18 00:01:02.567279,London
2026-02-18T05:00,4.0,64,14.7,2026-02-18 00:01:02.567279,London
2026-02-18T06:00,3.9,63,12.1,2026-02-18 00:01:02.567279,London
2026-02-18T07:00,3.9,65,12.7,2026-02-18 00:01:02.567279,London
2026-02-18T08:00,4.0,67,12.9,2026-02-18 00:01:02.567279,London
2026-02-18T09:00,4.1,66,13.7,2026-02-18 00:01:02.567279,London
2026-02-18T10:00,4.4,65,16.3,2026-02-18 00:01:02.567279,London
2026-02-18T11:00,4.8,61,17.3,2026-02-18 00:01:02.567279,London
2026-02-18T12:00,5.1,60,17.7,2026-02-18 00:01:02.567279,London
2026-02-18T13:00,5.2,63,18.4,2026-02-18 00:01:02.567279,London
2026-02-18T14:00,5.5,66,18.6,2026-02-18 00:01:02.567279,London
2026-02-18T15:00,5.5,67,18.8,2026-02-18 00:01:02.567279,London
2026-02-18T16:00,5.5,68,20.2,2026-02-18 00:01:02.567279,London
2026-02-18T17:00,5.2,73,20.6,2026-02-18 00:01:02.567279,London
2026-02-18T18:00,5.1,78,21.3,2026-02-18 00:01:02.567279,London
2026-02-18T19:00,5.0,82,20.2,2026-02-18 00:01:02.567279,London
2026-02-18T20:00,5.2,84,19.1,2026-02-18 00:01:02.567279,London
2026-02-18T21:00,5.3,88,16.2,2026-02-18 00:01:02.567279,London
2026-02-18T22:00,5.5,89,14.4,2026-02-18 00:01:02.567279,London
2026-02-18T23:00,5.8,90,13.3,2026-02-18 00:01:02.567279,London
2026-02-19T00:00,5.9,91,12.0,2026-02-18 00:01:02.567279,London
2026-02-19T01:00,5.9,91,12.4,2026-02-18 00:01:02.567279,London
2026-02-19T02:00,6.0,92,13.3,2026-02-18 00:01:02.567279,London
2026-02-19T03:00,6.1,92,11.1,2026-02-18 00:01:02.567279,London
2026-02-19T04:00,6.4,93,10.8,2026-02-18 00:01:02.567279,London
2026-02-19T05:00,6.6,93,9.7,2026-02-18 00:01:02.567279,London
2026-02-19T06:00,6.8,93,8.9,2026-02-18 00:01:02.567279,London
2026-02-19T07:00,6.9,93,8.4,2026-02-18 00:01:02.567279,London
2026-02-19T08:00,6.9,93,7.3,2026-02-18 00:01:02.567279,London
2026-02-19T09:00,7.1,91,8.1,2026-02-18 00:01:02.567279,London
2026-02-19T10:00,7.3,89,8.6,2026-02-18 00:01:02.567279,London
2026-02-19T11:00,7.4,88,8.6,2026-02-18 00:01:02.567279,London
2026-02-19T12:00,7.4,86,9.6,2026-02-18 00:01:02.567279,London
2026-02-19T13:00,7.3,85,8.8,2026-02-18 00:01:02.567279,London
2026-02-19T14:00,7.0,85,9.6,2026-02-18 00:01:02.567279,London
2026-02-19T15:00,7.0,84,10.5,2026-02-18 00:01:02.567279,London
2026-02-19T16:00,7.0,82,10.2,2026-02-18 00:01:02.567279,London
2026-02-19T17:00,6.9,80,10.9,2026-02-18 00:01:02.567279,London
2026-02-19T18:00,6.7,77,10.3,2026-02-18 00:01:02.567279,London
2026-02-19T19:00,6.2,75,10.3,2026-02-18 00:01:02.567279,London
2026-02-19T20:00,5.8,77,9.7,2026-02-18 00:01:02.567279,London
2026-02-19T21:00,5.6,77,9.4,2026-02-18 00:01:02.567279,London
2026-02-19T22:00,5.3,82,8.1,2026-02-18 00:01:02.567279,London
2026-02-19T23:00,5.0,81,8.4,2026-02-18 00:01:02.567279,London
2026-02-20T00:00,4.6,82,9.0,2026-02-18 00:01:02.567279,London
2026-02-20T01:00,4.1,83,6.9,2026-02-18 00:01:02.567279,London
2026-02-20T02:00,3.9,85,6.6,2026-02-18 00:01:02.567279,London
2026-02-20T03:00,3.9,88,6.7,2026-02-18 00:01:02.567279,London
2026-02-20T04:00,4.2,87,7.4,2026-02-18 00:01:02.567279,London
2026-02-20T05:00,4.6,88,7.4,2026-02-18 00:01:02.567279,London
2026-02-20T06:00,4.9,89,7.5,2026-02-18 00:01:02.567279,London
2026-02-20T07:00,5.3,88,9.5,2026-02-18 00:01:02.567279,London
2026-02-20T08:00,5.8,86,10.8,2026-02-18 00:01:02.567279,London
2026-02-20T09:00,6.8,81,12.4,2026-02-18 00:01:02.567279,London
2026-02-20T10:00,8.4,80,15.8,2026-02-18 00:01:02.567279,London
2026-02-20T11:00,10.5,76,19.9,2026-02-18 00:01:02.567279,London
2026-02-20T12:00,12.2,70,21.7,2026-02-18 00:01:02.567279,London
2026-02-20T13:00,13.2,65,21.7,2026-02-18 00:01:02.567279,London
2026-02-20T14:00,13.8,59,22.8,2026-02-18 00:01:02.567279,London
2026-02-20T15:00,13.6,60,22.0,2026-02-18 00:01:02.567279,London
2026-02-20T16:00,13.2,65,18.4,2026-02-18 00:01:02.567279,London
2026-02-20T17:00,12.6,67,15.9,2026-02-18 00:01:02.567279,London
2026-02-20T18:00,11.5,80,16.9,2026-02-18 00:01:02.567279,London
2026-02-20T19:00,11.1,81,19.4,2026-02-18 00:01:02.567279,London
2026-02-20T20:00,11.2,83,19.9,2026-02-18 00:01:02.567279,London
2026-02-20T21:00,11.5,82,20.0,2026-02-18 00:01:02.567279,London
2026-02-20T22:00,11.6,81,20.4,2026-02-18 00:01:02.567279,London
2026-02-20T23:00,11.6,77,20.9,2026-02-18 00:01:02.567279,London
2026-02-21T00:00,11.6,78,19.9,2026-02-18 00:01:02.567279,London
2026-02-21T01:00,11.5,79,20.0,2026-02-18 00:01:02.567279,London
2026-02-21T02:00,11.5,80,19.9,2026-02-18 00:01:02.567279,London
2026-02-21T03:00,11.4,81,19.5,2026-02-18 00:01:02.567279,London
2026-02-21T04:00,11.5,81,19.0,2026-02-18 00:01:02.567279,London
2026-02-21T05:00,11.6,80,18.4,2026-02-18 00:01:02.567279,London
2026-02-21T06:00,11.7,80,17.4,2026-02-18 00:01:02.567279,London
2026-02-21T07:00,11.7,80,16.4,2026-02-18 00:01:02.567279,London
2026-02-21T08:00,11.6,81,15.6,2026-02-18 00:01:02.567279,London
2026-02-21T09:00,11.8,80,15.2,2026-02-18 00:01:02.567279,London
2026-02-21T10:00,12.3,77,15.6,2026-02-18 00:01:02.567279,London
2026-02-21T11:00,13.1,73,16.6,2026-02-18 00:01:02.567279,London
2026-02-21T12:00,13.6,72,16.6,2026-02-18 00:01:02.567279,London
2026-02-21T13:00,13.4,77,14.7,2026-02-18 00:01:02.567279,London
2026-02-21T14:00,13.0,85,12.7,2026-02-18 00:01:02.567279,London
2026-02-21T15:00,12.7,90,12.4,2026-02-18 00:01:02.567279,London
2026-02-21T16:00,12.8,90,13.3,2026-02-18 00:01:02.567279,London
2026-02-21T17:00,13.1,88,15.3,2026-02-18 00:01:02.567279,London
2026-02-21T18:00,13.2,86,16.9,2026-02-18 00:01:02.567279,London
2026-02-21T19:00,13.1,86,17.2,2026-02-18 00:01:02.567279,London
2026-02-21T20:00,12.9,87,17.2,2026-02-18 00:01:02.567279,London
2026-02-21T21:00,12.8,87,17.0,2026-02-18 00:01:02.567279,London
2026-02-21T22:00,12.7,87,17.1,2026-02-18 00:01:02.567279,London
2026-02-21T23:00,12.8,86,17.0,2026-02-18 00:01:02.567279,London
2026-02-22T00:00,12.8,86,16.8,2026-02-18 00:01:02.567279,London
2026-02-22T01:00,12.7,86,16.5,2026-02-18 00:01:02.567279,London
2026-02-22T02:00,12.7,87,16.2,2026-02-18 00:01:02.567279,London
2026-02-22T03:00,12.6,87,15.6,2026-02-18 00:01:02.567279,London
2026-02-22T04:00,12.5,87,14.9,2026-02-18 00:01:02.567279,London
2026-02-22T05:00,12.4,87,13.9,2026-02-18 00:01:02.567279,London
2026-02-22T06:00,12.3,87,13.2,2026-02-18 00:01:02.567279,London
2026-02-22T07:00,12.3,87,12.4,2026-02-18 00:01:02.567279,London
2026-02-22T08:00,12.2,87,11.6,2026-02-18 00:01:02.567279,London
2026-02-22T09:00,12.4,86,11.1,2026-02-18 00:01:02.567279,London
2026-02-22T10:00,12.8,83,11.2,2026-02-18 00:01:02.567279,London
2026-02-22T11:00,13.4,80,12.1,2026-02-18 00:01:02.567279,London
2026-02-22T12:00,13.8,78,12.4,2026-02-18 00:01:02.567279,London
2026-02-22T13:00,13.7,81,11.5,2026-02-18 00:01:02.567279,London
2026-02-22T14:00,13.4,85,11.0,2026-02-18 00:01:02.567279,London
2026-02-22T15:00,13.0,89,11.5,2026-02-18 00:01:02.567279,London
2026-02-22T16:00,12.8,90,12.4,2026-02-18 00:01:02.567279,London
2026-02-22T17:00,12.5,90,13.9,2026-02-18 00:01:02.567279,London
2026-02-22T18:00,12.3,89,15.0,2026-02-18 00:01:02.567279,London
2026-02-22T19:00,11.6,85,7.0,2026-02-18 00:01:02.567279,London
2026-02-22T20:00,10.9,92,7.2,2026-02-18 00:01:02.567279,London
2026-02-22T21:00,10.4,96,8.0,2026-02-18 00:01:02.567279,London
2026-02-22T22:00,10.0,93,9.8,2026-02-18 00:01:02.567279,London
2026-02-22T23:00,9.7,87,12.6,2026-02-18 00:01:02.567279,London
2026-02-23T00:00,9.5,82,14.7,2026-02-18 00:01:02.567279,London
2026-02-23T01:00,9.4,81,15.6,2026-02-18 00:01:02.567279,London
2026-02-23T02:00,9.4,82,16.0,2026-02-18 00:01:02.567279,London
2026-02-23T03:00,9.3,83,15.8,2026-02-18 00:01:02.567279,London
2026-02-23T04:00,9.0,82,14.5,2026-02-18 00:01:02.567279,London
2026-02-23T05:00,8.7,80,12.4,2026-02-18 00:01:02.567279,London
2026-02-23T06:00,8.4,79,10.8,2026-02-18 00:01:02.567279,London
2026-02-23T07:00,8.4,80,9.8,2026-02-18 00:01:02.567279,London
2026-02-23T08:00,8.4,83,9.7,2026-02-18 00:01:02.567279,London
2026-02-23T09:00,8.8,82,10.2,2026-02-18 00:01:02.567279,London
2026-02-23T10:00,9.8,75,11.6,2026-02-18 00:01:02.567279,London
2026-02-23T11:00,11.1,65,14.6,2026-02-18 00:01:02.567279,London
2026-02-23T12:00,12.2,59,16.9,2026-02-18 00:01:02.567279,London
2026-02-23T13:00,12.6,60,17.3,2026-02-18 00:01:02.567279,London
2026-02-23T14:00,12.8,65,16.3,2026-02-18 00:01:02.567279,London
2026-02-23T15:00,12.8,69,15.3,2026-02-18 00:01:02.567279,London
2026-02-23T16:00,12.6,71,14.4,2026-02-18 00:01:02.567279,London
2026-02-23T17:00,12.3,72,13.3,2026-02-18 00:01:02.567279,London
2026-02-23T18:00,11.9,74,12.2,2026-02-18 00:01:02.567279,London
2026-02-23T19:00,11.5,79,11.3,2026-02-18 00:01:02.567279,London
2026-02-23T20:00,11.1,85,10.6,2026-02-18 00:01:02.567279,London
2026-02-23T21:00,10.8,89,10.2,2026-02-18 00:01:02.567279,London
2026-02-23T22:00,10.5,89,10.5,2026-02-18 00:01:02.567279,London
2026-02-23T23:00,10.3,87,11.2,2026-02-18 00:01:02.567279,London
2026-02-24T00:00,10.2,86,11.2,2026-02-18 00:01:02.567279,London
2026-02-24T01:00,10.2,89,10.4,2026-02-18 00:01:02.567279,London
2026-02-24T02:00,10.1,93,8.9,2026-02-18 00:01:02.567279,London
2026-02-24T03:00,10.2,96,7.7,2026-02-18 00:01:02.567279,London
2026-02-24T04:00,10.3,97,7.1,2026-02-18 00:01:02.567279,London
2026-02-24T05:00,10.4,97,6.6,2026-02-18 00:01:02.567279,London
2026-02-24T06:00,10.6,97,6.4,2026-02-18 00:01:02.567279,London
2026-02-24T07:00,10.8,97,6.2,2026-02-18 00:01:02.567279,London
2026-02-24T08:00,11.1,97,5.8,2026-02-18 00:01:02.567279,London
2026-02-24T09:00,11.5,96,6.1,2026-02-18 00:01:02.567279,London
2026-02-24T10:00,12.1,93,7.7,2026-02-18 00:01:02.567279,London
2026-02-24T11:00,12.7,89,10.1,2026-02-18 00:01:02.567279,London
2026-02-24T12:00,13.2,85,11.8,2026-02-18 00:01:02.567279,London
2026-02-24T13:00,13.5,82,12.1,2026-02-18 00:01:02.567279,London
2026-02-24T14:00,13.5,80,12.4,2026-02-18 00:01:02.567279,London
2026-02-24T15:00,13.3,79,12.1,2026-02-18 00:01:02.567279,London
2026-02-24T16:00,12.6,80,11.6,2026-02-18 00:01:02.567279,London
2026-02-24T17:00,11.8,83,10.4,2026-02-18 00:01:02.567279,London
2026-02-24T18:00,11.0,86,9.4,2026-02-18 00:01:02.567279,London
2026-02-24T19:00,10.4,89,8.2,2026-02-18 00:01:02.567279,London
2026-02-24T20:00,10.0,92,7.4,2026-02-18 00:01:02.567279,London
2026-02-24T21:00,9.7,94,7.2,2026-02-18 00:01:02.567279,London
2026-02-24T22:00,9.6,93,7.2,2026-02-18 00:01:02.567279,London
2026-02-24T23:00,9.7,91,7.6,2026-02-18 00:01:02.567279,London
2026-02-20T00:00,4.9,82,9.4,2026-02-20 00:03:14.478249,Edinburgh
2026-02-20T01:00,4.9,83,13.0,2026-02-20 00:03:14.478249,Edinburgh
2026-02-20T02:00,5.1,82,14.5,2026-02-20 00:03:14.478249,Edinburgh
2026-02-20T03:00,5.2,79,15.3,2026-02-20 00:03:14.478249,Edinburgh
2026-02-20T04:00,5.3,76,16.3,2026-02-20 00:03:14.478249,Edinburgh
2026-02-20T05:00,5.4,74,16.5,2026-02-20 00:03:14.478249,Edinburgh
2026-02-20T06:00,5.0,77,15.0,2026-02-20 00:03:14.478249,Edinburgh
2026-02-20T07:00,4.9,78,13.0,2026-02-20 00:03:14.478249,Edinburgh
2026-02-20T08:00,5.1,80,13.4,2026-02-20 00:03:14.478249,Edinburgh
2026-02-20T09:00,5.4,78,17.5,2026-02-20 00:03:14.478249,Edinburgh
2026-02-20T10:00,7.5,73,21.1,2026-02-20 00:03:14.478249,Edinburgh
2026-02-20T11:00,9.1,73,22.2,2026-02-20 00:03:14.478249,Edinburgh
2026-02-20T12:00,10.3,70,25.0,2026-02-20 00:03:14.478249,Edinburgh
2026-02-20T13:00,10.6,68,21.7,2026-02-20 00:03:14.478249,Edinburgh
2026-02-20T14:00,10.8,66,24.9,2026-02-20 00:03:14.478249,Edinburgh
2026-02-20T15:00,10.6,68,23.7,2026-02-20 00:03:14.478249,Edinburgh
2026-02-20T16:00,10.0,71,24.0,2026-02-20 00:03:14.478249,Edinburgh
2026-02-20T17:00,9.3,74,23.6,2026-02-20 00:03:14.478249,Edinburgh
2026-02-20T18:00,8.7,76,23.0,2026-02-20 00:03:14.478249,Edinburgh
2026-02-20T19:00,8.3,77,23.8,2026-02-20 00:03:14.478249,Edinburgh
2026-02-20T20:00,8.1,78,24.9,2026-02-20 00:03:14.478249,Edinburgh
2026-02-20T21:00,7.9,80,24.4,2026-02-20 00:03:14.478249,Edinburgh
2026-02-20T22:00,7.8,81,22.1,2026-02-20 00:03:14.478249,Edinburgh
2026-02-20T23:00,7.7,81,21.5,2026-02-20 00:03:14.478249,Edinburgh
2026-02-21T00:00,7.8,80,21.9,2026-02-20 00:03:14.478249,Edinburgh
2026-02-21T01:00,7.6,82,19.7,2026-02-20 00:03:14.478249,Edinburgh
2026-02-21T02:00,7.7,83,18.7,2026-02-20 00:03:14.478249,Edinburgh
2026-02-21T03:00,7.9,83,17.6,2026-02-20 00:03:14.478249,Edinburgh
2026-02-21T04:00,8.1,83,18.5,2026-02-20 00:03:14.478249,Edinburgh
2026-02-21T05:00,8.2,82,18.6,2026-02-20 00:03:14.478249,Edinburgh
2026-02-21T06:00,8.2,82,16.6,2026-02-20 00:03:14.478249,Edinburgh
2026-02-21T07:00,8.2,82,16.2,2026-02-20 00:03:14.478249,Edinburgh
2026-02-21T08:00,8.2,80,15.9,2026-02-20 00:03:14.478249,Edinburgh
2026-02-21T09:00,8.5,77,13.6,2026-02-20 00:03:14.478249,Edinburgh
2026-02-21T10:00,9.0,75,9.4,2026-02-20 00:03:14.478249,Edinburgh
2026-02-21T11:00,9.3,74,7.1,2026-02-20 00:03:14.478249,Edinburgh
2026-02-21T12:00,10.5,75,11.7,2026-02-20 00:03:14.478249,Edinburgh
2026-02-21T13:00,11.1,72,12.3,2026-02-20 00:03:14.478249,Edinburgh
2026-02-21T14:00,11.5,69,12.6,2026-02-20 00:03:14.478249,Edinburgh
2026-02-21T15:00,11.1,73,9.7,2026-02-20 00:03:14.478249,Edinburgh
2026-02-21T16:00,10.8,76,10.4,2026-02-20 00:03:14.478249,Edinburgh
2026-02-21T17:00,10.8,80,12.3,2026-02-20 00:03:14.478249,Edinburgh
2026-02-21T18:00,10.9,82,14.3,2026-02-20 00:03:14.478249,Edinburgh
2026-02-21T19:00,10.8,83,15.0,2026-02-20 00:03:14.478249,Edinburgh
2026-02-21T20:00,10.5,84,14.6,2026-02-20 00:03:14.478249,Edinburgh
2026-02-21T21:00,10.7,83,21.4,2026-02-20 00:03:14.478249,Edinburgh
2026-02-21T22:00,10.8,84,23.0,2026-02-20 00:03:14.478249,Edinburgh
2026-02-21T23:00,10.9,83,24.6,2026-02-20 00:03:14.478249,Edinburgh
2026-02-22T00:00,10.9,83,25.9,2026-02-20 00:03:14.478249,Edinburgh
2026-02-22T01:00,10.4,83,25.7,2026-02-20 00:03:14.478249,Edinburgh
2026-02-22T02:00,9.7,84,24.5,2026-02-20 00:03:14.478249,Edinburgh
2026-02-22T03:00,8.9,76,24.9,2026-02-20 00:03:14.478249,Edinburgh
2026-02-22T04:00,8.3,79,24.6,2026-02-20 00:03:14.478249,Edinburgh
2026-02-22T05:00,8.2,79,24.5,2026-02-20 00:03:14.478249,Edinburgh
2026-02-22T06:00,8.0,80,23.9,2026-02-20 00:03:14.478249,Edinburgh
2026-02-22T07:00,7.9,80,22.6,2026-02-20 00:03:14.478249,Edinburgh
2026-02-22T08:00,7.9,78,23.8,2026-02-20 00:03:14.478249,Edinburgh
2026-02-22T09:00,8.3,75,25.8,2026-02-20 00:03:14.478249,Edinburgh
2026-02-22T10:00,9.0,71,29.6,2026-02-20 00:03:14.478249,Edinburgh
2026-02-22T11:00,9.9,62,31.4,2026-02-20 00:03:14.478249,Edinburgh
2026-02-22T12:00,10.3,60,32.5,2026-02-20 00:03:14.478249,Edinburgh
2026-02-22T13:00,10.6,57,33.5,2026-02-20 00:03:14.478249,Edinburgh
2026-02-22T14:00,10.5,58,31.7,2026-02-20 00:03:14.478249,Edinburgh
2026-02-22T15:00,10.6,57,30.8,2026-02-20 00:03:14.478249,Edinburgh
2026-02-22T16:00,9.8,65,26.5,2026-02-20 00:03:14.478249,Edinburgh
2026-02-22T17:00,8.7,78,23.0,2026-02-20 00:03:14.478249,Edinburgh
2026-02-22T18:00,8.2,78,22.2,2026-02-20 00:03:14.478249,Edinburgh
2026-02-22T19:00,8.2,76,24.0,2026-02-20 00:03:14.478249,Edinburgh
2026-02-22T20:00,7.8,77,24.2,2026-02-20 00:03:14.478249,Edinburgh
2026-02-22T21:00,7.4,78,24.3,2026-02-20 00:03:14.478249,Edinburgh
2026-02-22T22:00,7.2,78,24.1,2026-02-20 00:03:14.478249,Edinburgh
2026-02-22T23:00,6.9,77,24.3,2026-02-20 00:03:14.478249,Edinburgh
2026-02-23T00:00,6.9,78,27.0,2026-02-20 00:03:14.478249,Edinburgh
2026-02-23T01:00,6.9,77,27.6,2026-02-20 00:03:14.478249,Edinburgh
2026-02-23T02:00,7.0,75,28.1,2026-02-20 00:03:14.478249,Edinburgh
2026-02-23T03:00,7.1,74,28.8,2026-02-20 00:03:14.478249,Edinburgh
2026-02-23T04:00,7.2,74,29.1,2026-02-20 00:03:14.478249,Edinburgh
2026-02-23T05:00,7.3,75,29.2,2026-02-20 00:03:14.478249,Edinburgh
2026-02-23T06:00,7.4,76,29.5,2026-02-20 00:03:14.478249,Edinburgh
2026-02-23T07:00,7.6,76,30.6,2026-02-20 00:03:14.478249,Edinburgh
2026-02-23T08:00,7.9,76,32.4,2026-02-20 00:03:14.478249,Edinburgh
2026-02-23T09:00,8.2,75,32.9,2026-02-20 00:03:14.478249,Edinburgh
2026-02-23T10:00,8.7,74,32.1,2026-02-20 00:03:14.478249,Edinburgh
2026-02-23T11:00,9.2,73,31.0,2026-02-20 00:03:14.478249,Edinburgh
2026-02-23T12:00,9.7,71,30.3,2026-02-20 00:03:14.478249,Edinburgh
2026-02-23T13:00,10.1,68,30.2,2026-02-20 00:03:14.478249,Edinburgh
2026-02-23T14:00,10.6,64,29.9,2026-02-20 00:03:14.478249,Edinburgh
2026-02-23T15:00,10.7,63,28.8,2026-02-20 00:03:14.478249,Edinburgh
2026-02-23T16:00,10.3,66,26.4,2026-02-20 00:03:14.478249,Edinburgh
2026-02-23T17:00,9.6,72,23.4,2026-02-20 00:03:14.478249,Edinburgh
2026-02-23T18:00,9.0,76,20.6,2026-02-20 00:03:14.478249,Edinburgh
2026-02-23T19:00,8.7,77,17.7,2026-02-20 00:03:14.478249,Edinburgh
2026-02-23T20:00,8.4,78,14.5,2026-02-20 00:03:14.478249,Edinburgh
2026-02-23T21:00,8.3,78,11.9,2026-02-20 00:03:14.478249,Edinburgh
2026-02-23T22:00,8.0,79,8.8,2026-02-20 00:03:14.478249,Edinburgh
2026-02-23T23:00,7.8,79,7.8,2026-02-20 00:03:14.478249,Edinburgh
2026-02-24T00:00,7.9,80,9.6,2026-02-20 00:03:14.478249,Edinburgh
2026-02-24T01:00,8.4,81,13.0,2026-02-20 00:03:14.478249,Edinburgh
2026-02-24T02:00,9.1,82,19.9,2026-02-20 00:03:14.478249,Edinburgh
2026-02-24T03:00,9.8,83,25.4,2026-02-20 00:03:14.478249,Edinburgh
2026-02-24T04:00,10.3,84,27.8,2026-02-20 00:03:14.478249,Edinburgh
2026-02-24T05:00,10.7,84,27.9,2026-02-20 00:03:14.478249,Edinburgh
2026-02-24T06:00,11.0,83,28.4,2026-02-20 00:03:14.478249,Edinburgh
2026-02-24T07:00,11.1,81,29.5,2026-02-20 00:03:14.478249,Edinburgh
2026-02-24T08:00,11.0,77,30.0,2026-02-20 00:03:14.478249,Edinburgh
2026-02-24T09:00,10.9,75,30.3,2026-02-20 00:03:14.478249,Edinburgh
2026-02-24T10:00,10.9,75,29.7,2026-02-20 00:03:14.478249,Edinburgh
2026-02-24T11:00,10.9,75,28.6,2026-02-20 00:03:14.478249,Edinburgh
2026-02-24T12:00,11.0,76,27.7,2026-02-20 00:03:14.478249,Edinburgh
2026-02-24T13:00,11.0,76,27.8,2026-02-20 00:03:14.478249,Edinburgh
2026-02-24T14:00,11.0,76,28.6,2026-02-20 00:03:14.478249,Edinburgh
2026-02-24T15:00,11.0,76,28.7,2026-02-20 00:03:14.478249,Edinburgh
2026-02-24T16:00,10.8,78,28.7,2026-02-20 00:03:14.478249,Edinburgh
2026-02-24T17:00,10.5,80,27.8,2026-02-20 00:03:14.478249,Edinburgh
2026-02-24T18:00,10.3,82,27.7,2026-02-20 00:03:14.478249,Edinburgh
2026-02-24T19:00,10.4,84,28.0,2026-02-20 00:03:14.478249,Edinburgh
2026-02-24T20:00,10.4,86,26.1,2026-02-20 00:03:14.478249,Edinburgh
2026-02-24T21:00,10.3,87,24.3,2026-02-20 00:03:14.478249,Edinburgh
2026-02-24T22:00,10.2,87,22.6,2026-02-20 00:03:14.478249,Edinburgh
2026-02-24T23:00,10.1,86,21.0,2026-02-20 00:03:14.478249,Edinburgh
2026-02-25T00:00,10.0,85,20.1,2026-02-20 00:03:14.478249,Edinburgh
2026-02-25T01:00,10.0,84,20.0,2026-02-20 00:03:14.478249,Edinburgh
2026-02-25T02:00,9.9,84,20.9,2026-02-20 00:03:14.478249,Edinburgh
2026-02-25T03:00,9.8,83,21.5,2026-02-20 00:03:14.478249,Edinburgh
2026-02-25T04:00,9.6,82,22.5,2026-02-20 00:03:14.478249,Edinburgh
2026-02-25T05:00,9.3,81,23.4,2026-02-20 00:03:14.478249,Edinburgh
2026-02-25T06:00,9.2,81,23.7,2026-02-20 00:03:14.478249,Edinburgh
2026-02-25T07:00,9.1,82,23.8,2026-02-20 00:03:14.478249,Edinburgh
2026-02-25T08:00,9.1,84,23.3,2026-02-20 00:03:14.478249,Edinburgh
2026-02-25T09:00,9.2,83,21.4,2026-02-20 00:03:14.478249,Edinburgh
2026-02-25T10:00,9.3,77,17.4,2026-02-20 00:03:14.478249,Edinburgh
2026-02-25T11:00,9.5,69,16.1,2026-02-20 00:03:14.478249,Edinburgh
2026-02-25T12:00,9.6,62,17.8,2026-02-20 00:03:14.478249,Edinburgh
2026-02-25T13:00,9.8,56,17.0,2026-02-20 00:03:14.478249,Edinburgh
2026-02-25T14:00,9.9,52,13.8,2026-02-20 00:03:14.478249,Edinburgh
2026-02-25T15:00,9.7,49,10.7,2026-02-20 00:03:14.478249,Edinburgh
2026-02-25T16:00,9.2,49,8.4,2026-02-20 00:03:14.478249,Edinburgh
2026-02-25T17:00,8.5,52,6.0,2026-02-20 00:03:14.478249,Edinburgh
2026-02-25T18:00,7.6,56,4.5,2026-02-20 00:03:14.478249,Edinburgh
2026-02-25T19:00,6.6,62,4.5,2026-02-20 00:03:14.478249,Edinburgh
2026-02-25T20:00,5.4,69,6.0,2026-02-20 00:03:14.478249,Edinburgh
2026-02-25T21:00,4.6,74,6.9,2026-02-20 00:03:14.478249,Edinburgh
2026-02-25T22:00,4.3,74,6.5,2026-02-20 00:03:14.478249,Edinburgh
2026-02-25T23:00,4.2,73,5.7,2026-02-20 00:03:14.478249,Edinburgh
2026-02-26T00:00,4.3,71,5.4,2026-02-20 00:03:14.478249,Edinburgh
2026-02-26T01:00,4.3,71,5.1,2026-02-20 00:03:14.478249,Edinburgh
2026-02-26T02:00,4.4,70,5.1,2026-02-20 00:03:14.478249,Edinburgh
2026-02-26T03:00,4.5,70,5.8,2026-02-20 00:03:14.478249,Edinburgh
2026-02-26T04:00,4.7,69,8.4,2026-02-20 00:03:14.478249,Edinburgh
2026-02-26T05:00,4.8,68,12.7,2026-02-20 00:03:14.478249,Edinburgh
2026-02-26T06:00,5.0,68,16.3,2026-02-20 00:03:14.478249,Edinburgh
2026-02-26T07:00,5.1,70,19.5,2026-02-20 00:03:14.478249,Edinburgh
2026-02-26T08:00,5.2,74,22.1,2026-02-20 00:03:14.478249,Edinburgh
2026-02-26T09:00,5.5,77,23.6,2026-02-20 00:03:14.478249,Edinburgh
2026-02-26T10:00,6.2,79,24.0,2026-02-20 00:03:14.478249,Edinburgh
2026-02-26T11:00,7.1,80,24.5,2026-02-20 00:03:14.478249,Edinburgh
2026-02-26T12:00,7.9,80,24.2,2026-02-20 00:03:14.478249,Edinburgh
2026-02-26T13:00,8.5,78,23.1,2026-02-20 00:03:14.478249,Edinburgh
2026-02-26T14:00,9.0,75,23.1,2026-02-20 00:03:14.478249,Edinburgh
2026-02-26T15:00,9.2,73,24.3,2026-02-20 00:03:14.478249,Edinburgh
2026-02-26T16:00,8.9,74,24.3,2026-02-20 00:03:14.478249,Edinburgh
2026-02-26T17:00,8.3,77,22.9,2026-02-20 00:03:14.478249,Edinburgh
2026-02-26T18:00,7.7,78,22.1,2026-02-20 00:03:14.478249,Edinburgh
2026-02-26T19:00,7.2,75,23.1,2026-02-20 00:03:14.478249,Edinburgh
2026-02-26T20:00,6.6,71,26.7,2026-02-20 00:03:14.478249,Edinburgh
2026-02-26T21:00,6.0,67,29.7,2026-02-20 00:03:14.478249,Edinburgh
2026-02-26T22:00,5.3,65,29.9,2026-02-20 00:03:14.478249,Edinburgh
2026-02-26T23:00,4.6,64,29.3,2026-02-20 00:03:14.478249,Edinburgh
2026-02-17T00:00,1.1,73,17.3,2026-02-17 00:05:06.618740,Edinburgh
2026-02-17T01:00,1.2,73,15.5,2026-02-17 00:05:06.618740,Edinburgh
2026-02-17T02:00,1.3,73,14.8,2026-02-17 00:05:06.618740,Edinburgh
2026-02-17T03:00,1.3,73,13.4,2026-02-17 00:05:06.618740,Edinburgh
2026-02-17T04:00,1.3,69,13.9,2026-02-17 00:05:06.618740,Edinburgh
2026-02-17T05:00,1.0,68,15.1,2026-02-17 00:05:06.618740,Edinburgh
2026-02-17T06:00,0.8,67,15.0,2026-02-17 00:05:06.618740,Edinburgh
2026-02-17T07:00,0.6,67,13.8,2026-02-17 00:05:06.618740,Edinburgh
2026-02-17T08:00,0.5,67,12.7,2026-02-17 00:05:06.618740,Edinburgh
2026-02-17T09:00,0.7,65,12.5,2026-02-17 00:05:06.618740,Edinburgh
2026-02-17T10:00,1.4,62,13.1,2026-02-17 00:05:06.618740,Edinburgh
2026-02-17T11:00,2.3,58,13.6,2026-02-17 00:05:06.618740,Edinburgh
2026-02-17T12:00,3.1,54,13.4,2026-02-17 00:05:06.618740,Edinburgh
2026-02-17T13:00,3.6,52,12.6,2026-02-17 00:05:06.618740,Edinburgh
2026-02-17T14:00,4.0,50,11.3,2026-02-17 00:05:06.618740,Edinburgh
2026-02-17T15:00,3.9,51,9.6,2026-02-17 00:05:06.618740,Edinburgh
2026-02-17T16:00,3.7,52,7.4,2026-02-17 00:05:06.618740,Edinburgh
2026-02-17T17:00,3.2,56,5.9,2026-02-17 00:05:06.618740,Edinburgh
2026-02-17T18:00,2.6,63,5.2,2026-02-17 00:05:06.618740,Edinburgh
2026-02-17T19:00,2.1,68,6.4,2026-02-17 00:05:06.618740,Edinburgh
2026-02-17T20:00,1.8,71,5.6,2026-02-17 00:05:06.618740,Edinburgh
2026-02-17T21:00,1.7,74,5.2,2026-02-17 00:05:06.618740,Edinburgh
2026-02-17T22:00,1.2,80,2.6,2026-02-17 00:05:06.618740,Edinburgh
2026-02-17T23:00,0.6,84,4.3,2026-02-17 00:05:06.618740,Edinburgh
2026-02-18T00:00,0.2,85,4.1,2026-02-17 00:05:06.618740,Edinburgh
2026-02-18T01:00,0.3,85,4.7,2026-02-17 00:05:06.618740,Edinburgh
2026-02-18T02:00,0.2,84,4.1,2026-02-17 00:05:06.618740,Edinburgh
2026-02-18T03:00,-0.0,84,4.1,2026-02-17 00:05:06.618740,Edinburgh
2026-02-18T04:00,0.1,82,4.8,2026-02-17 00:05:06.618740,Edinburgh
2026-02-18T05:00,0.4,79,6.2,2026-02-17 00:05:06.618740,Edinburgh
2026-02-18T06:00,0.6,76,6.7,2026-02-17 00:05:06.618740,Edinburgh
2026-02-18T07:00,0.8,75,8.7,2026-02-17 00:05:06.618740,Edinburgh
2026-02-18T08:00,0.9,75,8.4,2026-02-17 00:05:06.618740,Edinburgh
2026-02-18T09:00,1.2,76,9.4,2026-02-17 00:05:06.618740,Edinburgh
2026-02-18T10:00,2.1,71,11.5,2026-02-17 00:05:06.618740,Edinburgh
2026-02-18T11:00,3.2,68,12.6,2026-02-17 00:05:06.618740,Edinburgh
2026-02-18T12:00,4.5,60,17.9,2026-02-17 00:05:06.618740,Edinburgh
2026-02-18T13:00,4.9,61,18.5,2026-02-17 00:05:06.618740,Edinburgh
2026-02-18T14:00,5.2,61,17.4,2026-02-17 00:05:06.618740,Edinburgh
2026-02-18T15:00,5.3,59,18.4,2026-02-17 00:05:06.618740,Edinburgh
2026-02-18T16:00,4.8,58,17.3,2026-02-17 00:05:06.618740,Edinburgh
2026-02-18T17:00,3.9,63,16.7,2026-02-17 00:05:06.618740,Edinburgh
2026-02-18T18:00,3.0,69,14.8,2026-02-17 00:05:06.618740,Edinburgh
2026-02-18T19:00,2.1,74,12.9,2026-02-17 00:05:06.618740,Edinburgh
2026-02-18T20:00,1.5,78,11.3,2026-02-17 00:05:06.618740,Edinburgh
2026-02-18T21:00,1.0,82,9.7,2026-02-17 00:05:06.618740,Edinburgh
2026-02-18T22:00,0.7,87,8.6,2026-02-17 00:05:06.618740,Edinburgh
2026-02-18T23:00,0.6,87,7.2,2026-02-17 00:05:06.618740,Edinburgh
2026-02-19T00:00,0.5,88,6.8,2026-02-17 00:05:06.618740,Edinburgh
2026-02-19T01:00,0.4,89,6.8,2026-02-17 00:05:06.618740,Edinburgh
2026-02-19T02:00,0.3,90,6.1,2026-02-17 00:05:06.618740,Edinburgh
2026-02-19T03:00,0.2,91,4.8,2026-02-17 00:05:06.618740,Edinburgh
2026-02-19T04:00,0.1,91,3.7,2026-02-17 00:05:06.618740,Edinburgh
2026-02-19T05:00,-0.0,92,3.9,2026-02-17 00:05:06.618740,Edinburgh
2026-02-19T06:00,0.0,90,3.5,2026-02-17 00:05:06.618740,Edinburgh
2026-02-19T07:00,0.2,88,3.2,2026-02-17 00:05:06.618740,Edinburgh
2026-02-19T08:00,0.3,87,3.4,2026-02-17 00:05:06.618740,Edinburgh
2026-02-19T09:00,0.4,88,4.1,2026-02-17 00:05:06.618740,Edinburgh
2026-02-19T10:00,1.5,85,4.7,2026-02-17 00:05:06.618740,Edinburgh
2026-02-19T11:00,3.3,78,4.9,2026-02-17 00:05:06.618740,Edinburgh
2026-02-19T12:00,4.8,67,6.9,2026-02-17 00:05:06.618740,Edinburgh
2026-02-19T13:00,5.6,61,9.7,2026-02-17 00:05:06.618740,Edinburgh
2026-02-19T14:00,6.1,58,9.7,2026-02-17 00:05:06.618740,Edinburgh
2026-02-19T15:00,6.1,59,9.7,2026-02-17 00:05:06.618740,Edinburgh
2026-02-19T16:00,5.6,62,9.1,2026-02-17 00:05:06.618740,Edinburgh
2026-02-19T17:00,4.2,64,4.3,2026-02-17 00:05:06.618740,Edinburgh
2026-02-19T18:00,2.4,69,3.7,2026-02-17 00:05:06.618740,Edinburgh
2026-02-19T19:00,1.4,68,4.0,2026-02-17 00:05:06.618740,Edinburgh
2026-02-19T20:00,1.3,63,4.2,2026-02-17 00:05:06.618740,Edinburgh
2026-02-19T21:00,1.3,58,3.6,2026-02-17 00:05:06.618740,Edinburgh
2026-02-19T22:00,1.2,59,4.3,2026-02-17 00:05:06.618740,Edinburgh
2026-02-19T23:00,1.9,58,8.0,2026-02-17 00:05:06.618740,Edinburgh
2026-02-20T00:00,2.0,59,9.5,2026-02-17 00:05:06.618740,Edinburgh
2026-02-20T01:00,2.3,60,12.1,2026-02-17 00:05:06.618740,Edinburgh
2026-02-20T02:00,2.7,62,15.0,2026-02-17 00:05:06.618740,Edinburgh
2026-02-20T03:00,3.0,65,17.6,2026-02-17 00:05:06.618740,Edinburgh
2026-02-20T04:00,3.3,69,20.0,2026-02-17 00:05:06.618740,Edinburgh
2026-02-20T05:00,3.5,73,22.6,2026-02-17 00:05:06.618740,Edinburgh
2026-02-20T06:00,3.7,77,24.6,2026-02-17 00:05:06.618740,Edinburgh
2026-02-20T07:00,3.9,79,25.5,2026-02-17 00:05:06.618740,Edinburgh
2026-02-20T08:00,4.0,81,25.9,2026-02-17 00:05:06.618740,Edinburgh
2026-02-20T09:00,4.6,81,26.0,2026-02-17 00:05:06.618740,Edinburgh
2026-02-20T10:00,5.9,80,26.3,2026-02-17 00:05:06.618740,Edinburgh
2026-02-20T11:00,7.6,79,27.7,2026-02-17 00:05:06.618740,Edinburgh
2026-02-20T12:00,8.9,76,28.8,2026-02-17 00:05:06.618740,Edinburgh
2026-02-20T13:00,9.7,71,28.3,2026-02-17 00:05:06.618740,Edinburgh
2026-02-20T14:00,10.2,66,27.0,2026-02-17 00:05:06.618740,Edinburgh
2026-02-20T15:00,10.2,64,24.5,2026-02-17 00:05:06.618740,Edinburgh
2026-02-20T16:00,9.6,69,20.8,2026-02-17 00:05:06.618740,Edinburgh
2026-02-20T17:00,8.5,78,16.4,2026-02-17 00:05:06.618740,Edinburgh
2026-02-20T18:00,7.8,85,14.2,2026-02-17 00:05:06.618740,Edinburgh
2026-02-20T19:00,7.6,86,16.1,2026-02-17 00:05:06.618740,Edinburgh
2026-02-20T20:00,7.8,84,20.1,2026-02-17 00:05:06.618740,Edinburgh
2026-02-20T21:00,7.9,83,23.0,2026-02-17 00:05:06.618740,Edinburgh
2026-02-20T22:00,7.8,83,23.6,2026-02-17 00:05:06.618740,Edinburgh
2026-02-20T23:00,7.8,83,23.3,2026-02-17 00:05:06.618740,Edinburgh
2026-02-21T00:00,7.7,83,22.9,2026-02-17 00:05:06.618740,Edinburgh
2026-02-21T01:00,7.7,83,22.4,2026-02-17 00:05:06.618740,Edinburgh
2026-02-21T02:00,7.6,84,21.2,2026-02-17 00:05:06.618740,Edinburgh
2026-02-21T03:00,7.6,84,19.9,2026-02-17 00:05:06.618740,Edinburgh
2026-02-21T04:00,7.7,83,17.3,2026-02-17 00:05:06.618740,Edinburgh
2026-02-21T05:00,7.7,82,14.5,2026-02-17 00:05:06.618740,Edinburgh
2026-02-21T06:00,8.0,81,13.4,2026-02-17 00:05:06.618740,Edinburgh
2026-02-21T07:00,8.7,81,14.8,2026-02-17 00:05:06.618740,Edinburgh
2026-02-21T08:00,9.5,82,17.8,2026-02-17 00:05:06.618740,Edinburgh
2026-02-21T09:00,10.3,81,21.0,2026-02-17 00:05:06.618740,Edinburgh
2026-02-21T10:00,10.8,78,23.9,2026-02-17 00:05:06.618740,Edinburgh
2026-02-21T11:00,11.1,74,26.4,2026-02-17 00:05:06.618740,Edinburgh
2026-02-21T12:00,11.3,72,28.1,2026-02-17 00:05:06.618740,Edinburgh
2026-02-21T13:00,11.3,75,28.5,2026-02-17 00:05:06.618740,Edinburgh
2026-02-21T14:00,11.1,80,28.7,2026-02-17 00:05:06.618740,Edinburgh
2026-02-21T15:00,11.1,84,28.4,2026-02-17 00:05:06.618740,Edinburgh
2026-02-21T16:00,11.2,84,27.3,2026-02-17 00:05:06.618740,Edinburgh
2026-02-21T17:00,11.4,82,25.5,2026-02-17 00:05:06.618740,Edinburgh
2026-02-21T18:00,11.5,80,25.0,2026-02-17 00:05:06.618740,Edinburgh
2026-02-21T19:00,10.5,87,21.8,2026-02-17 00:05:06.618740,Edinburgh
2026-02-21T20:00,10.6,86,23.4,2026-02-17 00:05:06.618740,Edinburgh
2026-02-21T21:00,10.6,86,23.8,2026-02-17 00:05:06.618740,Edinburgh
2026-02-21T22:00,10.4,87,21.9,2026-02-17 00:05:06.618740,Edinburgh
2026-02-21T23:00,10.2,88,19.4,2026-02-17 00:05:06.618740,Edinburgh
2026-02-22T00:00,10.1,89,18.0,2026-02-17 00:05:06.618740,Edinburgh
2026-02-22T01:00,10.1,88,20.0,2026-02-17 00:05:06.618740,Edinburgh
2026-02-22T02:00,10.3,86,23.3,2026-02-17 00:05:06.618740,Edinburgh
2026-02-22T03:00,10.2,85,25.6,2026-02-17 00:05:06.618740,Edinburgh
2026-02-22T04:00,9.7,85,25.0,2026-02-17 00:05:06.618740,Edinburgh
2026-02-22T05:00,9.0,86,23.4,2026-02-17 00:05:06.618740,Edinburgh
2026-02-22T06:00,8.5,86,21.8,2026-02-17 00:05:06.618740,Edinburgh
2026-02-22T07:00,8.6,86,19.9,2026-02-17 00:05:06.618740,Edinburgh
2026-02-22T08:00,9.0,85,18.2,2026-02-17 00:05:06.618740,Edinburgh
2026-02-22T09:00,9.5,85,18.6,2026-02-17 00:05:06.618740,Edinburgh
2026-02-22T10:00,10.4,85,22.9,2026-02-17 00:05:06.618740,Edinburgh
2026-02-22T11:00,11.5,84,30.0,2026-02-17 00:05:06.618740,Edinburgh
2026-02-22T12:00,12.2,84,35.5,2026-02-17 00:05:06.618740,Edinburgh
2026-02-22T13:00,12.2,84,37.5,2026-02-17 00:05:06.618740,Edinburgh
2026-02-22T14:00,11.9,83,37.8,2026-02-17 00:05:06.618740,Edinburgh
2026-02-22T15:00,11.6,83,37.2,2026-02-17 00:05:06.618740,Edinburgh
2026-02-22T16:00,11.4,84,36.7,2026-02-17 00:05:06.618740,Edinburgh
2026-02-22T17:00,11.2,84,35.4,2026-02-17 00:05:06.618740,Edinburgh
2026-02-22T18:00,11.1,85,33.6,2026-02-17 00:05:06.618740,Edinburgh
2026-02-22T19:00,10.9,85,31.0,2026-02-17 00:05:06.618740,Edinburgh
2026-02-22T20:00,10.8,85,28.6,2026-02-17 00:05:06.618740,Edinburgh
2026-02-22T21:00,10.5,85,27.2,2026-02-17 00:05:06.618740,Edinburgh
2026-02-22T22:00,10.0,84,27.1,2026-02-17 00:05:06.618740,Edinburgh
2026-02-22T23:00,9.3,82,27.8,2026-02-17 00:05:06.618740,Edinburgh
2026-02-23T00:00,8.8,81,28.1,2026-02-17 00:05:06.618740,Edinburgh
2026-02-23T01:00,8.4,80,28.2,2026-02-17 00:05:06.618740,Edinburgh
2026-02-23T02:00,8.1,80,28.5,2026-02-17 00:05:06.618740,Edinburgh
2026-02-23T03:00,7.9,80,28.5,2026-02-17 00:05:06.618740,Edinburgh
2026-02-23T04:00,7.8,80,28.8,2026-02-17 00:05:06.618740,Edinburgh
2026-02-23T05:00,7.9,81,28.8,2026-02-17 00:05:06.618740,Edinburgh
2026-02-23T06:00,7.9,81,28.7,2026-02-17 00:05:06.618740,Edinburgh
2026-02-23T07:00,7.9,81,27.9,2026-02-17 00:05:06.618740,Edinburgh
2026-02-23T08:00,7.8,80,27.4,2026-02-17 00:05:06.618740,Edinburgh
2026-02-23T09:00,8.0,79,27.1,2026-02-17 00:05:06.618740,Edinburgh
2026-02-23T10:00,8.4,76,28.3,2026-02-17 00:05:06.618740,Edinburgh
2026-02-23T11:00,8.9,71,30.0,2026-02-17 00:05:06.618740,Edinburgh
2026-02-23T12:00,9.3,68,31.0,2026-02-17 00:05:06.618740,Edinburgh
2026-02-23T13:00,9.5,66,31.1,2026-02-17 00:05:06.618740,Edinburgh
2026-02-23T14:00,9.7,66,30.2,2026-02-17 00:05:06.618740,Edinburgh
2026-02-23T15:00,9.6,66,28.9,2026-02-17 00:05:06.618740,Edinburgh
2026-02-23T16:00,9.1,68,27.0,2026-02-17 00:05:06.618740,Edinburgh
2026-02-23T17:00,8.4,72,24.6,2026-02-17 00:05:06.618740,Edinburgh
2026-02-23T18:00,7.9,75,22.7,2026-02-17 00:05:06.618740,Edinburgh
2026-02-23T19:00,7.5,78,21.1,2026-02-17 00:05:06.618740,Edinburgh
2026-02-23T20:00,7.3,81,19.9,2026-02-17 00:05:06.618740,Edinburgh
2026-02-23T21:00,7.2,84,19.1,2026-02-17 00:05:06.618740,Edinburgh
2026-02-23T22:00,7.3,86,19.2,2026-02-17 00:05:06.618740,Edinburgh
2026-02-23T23:00,7.5,87,20.2,2026-02-17 00:05:06.618740,Edinburgh
2026-02-13T00:00,3.1,82,15.2,2026-02-13 18:32:38.366644,Manchester
2026-02-13T01:00,3.2,82,13.9,2026-02-13 18:32:38.366644,Manchester
2026-02-13T02:00,3.6,77,11.7,2026-02-13 18:32:38.366644,Manchester
2026-02-13T03:00,2.7,81,14.6,2026-02-13 18:32:38.366644,Manchester
2026-02-13T04:00,2.9,78,15.9,2026-02-13 18:32:38.366644,Manchester
2026-02-13T05:00,3.0,78,16.0,2026-02-13 18:32:38.366644,Manchester
2026-02-13T06:00,2.8,77,15.7,2026-02-13 18:32:38.366644,Manchester
2026-02-13T07:00,2.9,78,15.4,2026-02-13 18:32:38.366644,Manchester
2026-02-13T08:00,2.9,79,16.3,2026-02-13 18:32:38.366644,Manchester
2026-02-13T09:00,3.3,78,18.1,2026-02-13 18:32:38.366644,Manchester
2026-02-13T10:00,3.6,76,19.3,2026-02-13 18:32:38.366644,Manchester
2026-02-13T11:00,3.6,76,18.9,2026-02-13 18:32:38.366644,Manchester
2026-02-13T12:00,3.7,76,17.8,2026-02-13 18:32:38.366644,Manchester
2026-02-13T13:00,3.6,74,20.6,2026-02-13 18:32:38.366644,Manchester
2026-02-13T14:00,3.9,73,18.6,2026-02-13 18:32:38.366644,Manchester
2026-02-13T15:00,3.4,72,17.1,2026-02-13 18:32:38.366644,Manchester
2026-02-13T16:00,3.5,72,17.3,2026-02-13 18:32:38.366644,Manchester
2026-02-13T17:00,3.3,72,13.5,2026-02-13 18:32:38.366644,Manchester
2026-02-13T18:00,3.0,72,10.7,2026-02-13 18:32:38.366644,Manchester
2026-02-13T19:00,2.6,75,11.9,2026-02-13 18:32:38.366644,Manchester
2026-02-13T20:00,2.3,77,11.0,2026-02-13 18:32:38.366644,Manchester
2026-02-13T21:00,1.9,79,11.7,2026-02-13 18:32:38.366644,Manchester
2026-02-13T22:00,1.5,80,10.4,2026-02-13 18:32:38.366644,Manchester
2026-02-13T23:00,1.3,81,8.3,2026-02-13 18:32:38.366644,Manchester
2026-02-14T00:00,1.0,82,5.1,2026-02-13 18:32:38.366644,Manchester
2026-02-14T01:00,0.7,83,5.2,2026-02-13 18:32:38.366644,Manchester
2026-02-14T02:00,0.4,84,4.3,2026-02-13 18:32:38.366644,Manchester
2026-02-14T03:00,0.3,82,4.1,2026-02-13 18:32:38.366644,Manchester
2026-02-14T04:00,0.2,80,3.1,2026-02-13 18:32:38.366644,Manchester
2026-02-14T05:00,0.0,79,2.3,2026-02-13 18:32:38.366644,Manchester
2026-02-14T06:00,-0.1,80,1.1,2026-02-13 18:32:38.366644,Manchester
2026-02-14T07:00,-0.4,83,2.6,2026-02-13 18:32:38.366644,Manchester
2026-02-14T08:00,-0.6,85,2.6,2026-02-13 18:32:38.366644,Manchester
2026-02-14T09:00,-0.4,85,3.1,2026-02-13 18:32:38.366644,Manchester
2026-02-14T10:00,0.6,80,3.1,2026-02-13 18:32:38.366644,Manchester
2026-02-14T11:00,1.9,74,2.4,2026-02-13 18:32:38.366644,Manchester
2026-02-14T12:00,3.3,69,2.2,2026-02-13 18:32:38.366644,Manchester
2026-02-14T13:00,4.4,68,4.2,2026-02-13 18:32:38.366644,Manchester
2026-02-14T14:00,5.4,65,4.6,2026-02-13 18:32:38.366644,Manchester
2026-02-14T15:00,6.1,57,5.3,2026-02-13 18:32:38.366644,Manchester
2026-02-14T16:00,6.2,52,8.1,2026-02-13 18:32:38.366644,Manchester
2026-02-14T17:00,5.6,59,7.7,2026-02-13 18:32:38.366644,Manchester
2026-02-14T18:00,4.7,69,7.4,2026-02-13 18:32:38.366644,Manchester
2026-02-14T19:00,4.0,71,8.4,2026-02-13 18:32:38.366644,Manchester
2026-02-14T20:00,3.5,72,9.5,2026-02-13 18:32:38.366644,Manchester
2026-02-14T21:00,3.3,74,11.1,2026-02-13 18:32:38.366644,Manchester
2026-02-14T22:00,3.2,70,11.9,2026-02-13 18:32:38.366644,Manchester
2026-02-14T23:00,3.0,69,14.4,2026-02-13 18:32:38.366644,Manchester
2026-02-15T00:00,2.6,75,16.2,2026-02-13 18:32:38.366644,Manchester
2026-02-15T01:00,1.5,90,15.7,2026-02-13 18:32:38.366644,Manchester
2026-02-15T02:00,1.7,87,17.6,2026-02-13 18:32:38.366644,Manchester
2026-02-15T03:00,2.4,83,19.3,2026-02-13 18:32:38.366644,Manchester
2026-02-15T04:00,2.7,83,20.5,2026-02-13 18:32:38.366644,Manchester
2026-02-15T05:00,2.9,84,19.1,2026-02-13 18:32:38.366644,Manchester
2026-02-15T06:00,3.3,84,17.1,2026-02-13 18:32:38.366644,Manchester
2026-02-15T07:00,3.5,85,15.0,2026-02-13 18:32:38.366644,Manchester
2026-02-15T08:00,3.9,86,13.4,2026-02-13 18:32:38.366644,Manchester
2026-02-15T09:00,4.4,86,13.8,2026-02-13 18:32:38.366644,Manchester
2026-02-15T10:00,5.0,86,12.4,2026-02-13 18:32:38.366644,Manchester
2026-02-15T11:00,5.4,85,12.6,2026-02-13 18:32:38.366644,Manchester
2026-02-15T12:00,5.9,84,10.8,2026-02-13 18:32:38.366644,Manchester
2026-02-15T13:00,6.0,86,8.1,2026-02-13 18:32:38.366644,Manchester
2026-02-15T14:00,5.8,90,5.1,2026-02-13 18:32:38.366644,Manchester
2026-02-15T15:00,5.4,93,4.5,2026-02-13 18:32:38.366644,Manchester
2026-02-15T16:00,5.1,95,1.3,2026-02-13 18:32:38.366644,Manchester
2026-02-15T17:00,4.9,96,1.8,2026-02-13 18:32:38.366644,Manchester
2026-02-15T18:00,4.6,97,5.2,2026-02-13 18:32:38.366644,Manchester
2026-02-15T19:00,4.5,97,1.8,2026-02-13 18:32:38.366644,Manchester
2026-02-15T20:00,4.4,98,6.9,2026-02-13 18:32:38.366644,Manchester
2026-02-15T21:00,4.6,98,8.1,2026-02-13 18:32:38.366644,Manchester
2026-02-15T22:00,5.1,94,10.8,2026-02-13 18:32:38.366644,Manchester
2026-02-15T23:00,5.2,91,12.2,2026-02-13 18:32:38.366644,Manchester
2026-02-16T00:00,5.2,90,14.8,2026-02-13 18:32:38.366644,Manchester
2026-02-16T01:00,5.2,90,16.6,2026-02-13 18:32:38.366644,Manchester
2026-02-16T02:00,5.0,92,16.6,2026-02-13 18:32:38.366644,Manchester
2026-02-16T03:00,5.0,89,18.4,2026-02-13 18:32:38.366644,Manchester
2026-02-16T04:00,4.9,88,17.7,2026-02-13 18:32:38.366644,Manchester
2026-02-16T05:00,4.7,87,14.8,2026-02-13 18:32:38.366644,Manchester
2026-02-16T06:00,4.5,88,15.6,2026-02-13 18:32:38.366644,Manchester
2026-02-16T07:00,4.4,90,15.5,2026-02-13 18:32:38.366644,Manchester
2026-02-16T08:00,4.4,90,15.2,2026-02-13 18:32:38.366644,Manchester
2026-02-16T09:00,4.7,90,14.6,2026-02-13 18:32:38.366644,Manchester
2026-02-16T10:00,5.3,84,16.1,2026-02-13 18:32:38.366644,Manchester
2026-02-16T11:00,6.1,79,17.9,2026-02-13 18:32:38.366644,Manchester
2026-02-16T12:00,6.2,83,15.7,2026-02-13 18:32:38.366644,Manchester
2026-02-16T13:00,6.7,78,16.6,2026-02-13 18:32:38.366644,Manchester
2026-02-16T14:00,7.2,73,16.5,2026-02-13 18:32:38.366644,Manchester
2026-02-16T15:00,7.3,72,15.5,2026-02-13 18:32:38.366644,Manchester
2026-02-16T16:00,7.1,71,14.5,2026-02-13 18:32:38.366644,Manchester
2026-02-16T17:00,6.2,79,11.8,2026-02-13 18:32:38.366644,Manchester
2026-02-16T18:00,5.0,88,8.0,2026-02-13 18:32:38.366644,Manchester
2026-02-16T19:00,4.3,91,6.5,2026-02-13 18:32:38.366644,Manchester
2026-02-16T20:00,3.6,93,5.2,2026-02-13 18:32:38.366644,Manchester
2026-02-16T21:00,3.1,95,4.0,2026-02-13 18:32:38.366644,Manchester
2026-02-16T22:00,2.8,96,2.3,2026-02-13 18:32:38.366644,Manchester
2026-02-16T23:00,2.7,97,0.7,2026-02-13 18:32:38.366644,Manchester
2026-02-17T00:00,2.5,97,1.6,2026-02-13 18:32:38.366644,Manchester
2026-02-17T01:00,2.1,98,2.5,2026-02-13 18:32:38.366644,Manchester
2026-02-17T02:00,1.6,98,3.1,2026-02-13 18:32:38.366644,Manchester
2026-02-17T03:00,1.2,99,3.9,2026-02-13 18:32:38.366644,Manchester
2026-02-17T04:00,0.8,100,4.1,2026-02-13 18:32:38.366644,Manchester
2026-02-17T05:00,0.4,100,3.9,2026-02-13 18:32:38.366644,Manchester
2026-02-17T06:00,0.2,99,3.7,2026-02-13 18:32:38.366644,Manchester
2026-02-17T07:00,0.3,96,3.9,2026-02-13 18:32:38.366644,Manchester
2026-02-17T08:00,0.5,92,3.6,2026-02-13 18:32:38.366644,Manchester
2026-02-17T09:00,1.1,87,3.7,2026-02-13 18:32:38.366644,Manchester
2026-02-17T10:00,2.5,80,4.3,2026-02-13 18:32:38.366644,Manchester
2026-02-17T11:00,4.2,72,5.7,2026-02-13 18:32:38.366644,Manchester
2026-02-17T12:00,5.5,66,7.7,2026-02-13 18:32:38.366644,Manchester
2026-02-17T13:00,6.1,63,9.9,2026-02-13 18:32:38.366644,Manchester
2026-02-17T14:00,6.2,62,12.3,2026-02-13 18:32:38.366644,Manchester
2026-02-17T15:00,6.1,62,13.8,2026-02-13 18:32:38.366644,Manchester
2026-02-17T16:00,5.6,65,14.4,2026-02-13 18:32:38.366644,Manchester
2026-02-17T17:00,4.9,70,14.1,2026-02-13 18:32:38.366644,Manchester
2026-02-17T18:00,4.4,74,14.7,2026-02-13 18:32:38.366644,Manchester
2026-02-17T19:00,4.2,76,17.0,2026-02-13 18:32:38.366644,Manchester
2026-02-17T20:00,4.1,77,20.3,2026-02-13 18:32:38.366644,Manchester
2026-02-17T21:00,4.0,78,22.4,2026-02-13 18:32:38.366644,Manchester
2026-02-17T22:00,3.8,80,22.6,2026-02-13 18:32:38.366644,Manchester
2026-02-17T23:00,3.6,83,22.4,2026-02-13 18:32:38.366644,Manchester
2026-02-18T00:00,3.4,85,22.6,2026-02-13 18:32:38.366644,Manchester
2026-02-18T01:00,3.2,85,25.0,2026-02-13 18:32:38.366644,Manchester
2026-02-18T02:00,3.0,85,28.3,2026-02-13 18:32:38.366644,Manchester
2026-02-18T03:00,3.1,85,29.4,2026-02-13 18:32:38.366644,Manchester
2026-02-18T04:00,3.9,86,25.8,2026-02-13 18:32:38.366644,Manchester
2026-02-18T05:00,5.0,88,20.1,2026-02-13 18:32:38.366644,Manchester
2026-02-18T06:00,5.9,89,16.4,2026-02-13 18:32:38.366644,Manchester
2026-02-18T07:00,6.4,87,17.8,2026-02-13 18:32:38.366644,Manchester
2026-02-18T08:00,6.6,84,21.4,2026-02-13 18:32:38.366644,Manchester
2026-02-18T09:00,6.9,82,22.6,2026-02-13 18:32:38.366644,Manchester
2026-02-18T10:00,7.5,82,20.6,2026-02-13 18:32:38.366644,Manchester
2026-02-18T11:00,8.2,84,21.2,2026-02-13 18:32:38.366644,Manchester
2026-02-18T12:00,8.6,84,24.8,2026-02-13 18:32:38.366644,Manchester
2026-02-18T13:00,8.5,83,26.8,2026-02-13 18:32:38.366644,Manchester
2026-02-18T14:00,8.1,81,27.4,2026-02-13 18:32:38.366644,Manchester
2026-02-18T15:00,7.6,81,28.4,2026-02-13 18:32:38.366644,Manchester
2026-02-18T16:00,6.9,83,28.6,2026-02-13 18:32:38.366644,Manchester
2026-02-18T17:00,6.2,86,28.3,2026-02-13 18:32:38.366644,Manchester
2026-02-18T18:00,5.6,88,27.2,2026-02-13 18:32:38.366644,Manchester
2026-02-18T19:00,5.4,89,26.1,2026-02-13 18:32:38.366644,Manchester
2026-02-18T20:00,5.3,89,24.6,2026-02-13 18:32:38.366644,Manchester
2026-02-18T21:00,5.2,89,22.9,2026-02-13 18:32:38.366644,Manchester
2026-02-18T22:00,5.2,90,20.5,2026-02-13 18:32:38.366644,Manchester
2026-02-18T23:00,5.2,92,17.6,2026-02-13 18:32:38.366644,Manchester
2026-02-19T00:00,5.2,93,14.9,2026-02-13 18:32:38.366644,Manchester
2026-02-19T01:00,4.9,92,12.6,2026-02-13 18:32:38.366644,Manchester
2026-02-19T02:00,4.5,91,11.2,2026-02-13 18:32:38.366644,Manchester
2026-02-19T03:00,4.2,90,10.5,2026-02-13 18:32:38.366644,Manchester
2026-02-19T04:00,4.0,90,11.2,2026-02-13 18:32:38.366644,Manchester
2026-02-19T05:00,3.8,90,12.3,2026-02-13 18:32:38.366644,Manchester
2026-02-19T06:00,3.7,89,13.7,2026-02-13 18:32:38.366644,Manchester
2026-02-19T07:00,3.7,88,15.6,2026-02-13 18:32:38.366644,Manchester
2026-02-19T08:00,3.9,86,18.2,2026-02-13 18:32:38.366644,Manchester
2026-02-19T09:00,4.2,83,19.9,2026-02-13 18:32:38.366644,Manchester
2026-02-19T10:00,4.8,79,20.7,2026-02-13 18:32:38.366644,Manchester
2026-02-19T11:00,5.6,74,21.3,2026-02-13 18:32:38.366644,Manchester
2026-02-19T12:00,6.1,70,22.3,2026-02-13 18:32:38.366644,Manchester
2026-02-19T13:00,6.1,68,23.5,2026-02-13 18:32:38.366644,Manchester
2026-02-19T14:00,5.9,68,25.1,2026-02-13 18:32:38.366644,Manchester
2026-02-19T15:00,5.5,68,26.0,2026-02-13 18:32:38.366644,Manchester
2026-02-19T16:00,5.1,69,26.3,2026-02-13 18:32:38.366644,Manchester
2026-02-19T17:00,4.7,71,25.6,2026-02-13 18:32:38.366644,Manchester
2026-02-19T18:00,4.3,71,24.5,2026-02-13 18:32:38.366644,Manchester
2026-02-19T19:00,3.9,69,22.3,2026-02-13 18:32:38.366644,Manchester
2026-02-19T20:00,3.6,65,19.4,2026-02-13 18:32:38.366644,Manchester
2026-02-19T21:00,3.3,63,16.9,2026-02-13 18:32:38.366644,Manchester
2026-02-19T22:00,3.1,64,15.1,2026-02-13 18:32:38.366644,Manchester
2026-02-19T23:00,2.9,68,13.7,2026-02-13 18:32:38.366644,Manchester
2026-02-18T00:00,0.3,74,4.8,2026-02-18 00:01:03.577059,Edinburgh
2026-02-18T01:00,0.4,74,5.4,2026-02-18 00:01:03.577059,Edinburgh
2026-02-18T02:00,0.3,75,5.6,2026-02-18 00:01:03.577059,Edinburgh
2026-02-18T03:00,0.4,76,6.2,2026-02-18 00:01:03.577059,Edinburgh
2026-02-18T04:00,0.4,76,6.8,2026-02-18 00:01:03.577059,Edinburgh
2026-02-18T05:00,0.4,78,9.0,2026-02-18 00:01:03.577059,Edinburgh
2026-02-18T06:00,0.4,79,9.4,2026-02-18 00:01:03.577059,Edinburgh
2026-02-18T07:00,0.4,78,8.6,2026-02-18 00:01:03.577059,Edinburgh
2026-02-18T08:00,0.7,76,10.8,2026-02-18 00:01:03.577059,Edinburgh
2026-02-18T09:00,1.1,76,10.8,2026-02-18 00:01:03.577059,Edinburgh
2026-02-18T10:00,2.2,69,10.3,2026-02-18 00:01:03.577059,Edinburgh
2026-02-18T11:00,3.4,63,15.1,2026-02-18 00:01:03.577059,Edinburgh
2026-02-18T12:00,4.3,59,17.2,2026-02-18 00:01:03.577059,Edinburgh
2026-02-18T13:00,4.7,58,17.5,2026-02-18 00:01:03.577059,Edinburgh
2026-02-18T14:00,4.9,58,18.4,2026-02-18 00:01:03.577059,Edinburgh
2026-02-18T15:00,4.9,57,17.4,2026-02-18 00:01:03.577059,Edinburgh
2026-02-18T16:00,4.6,57,17.1,2026-02-18 00:01:03.577059,Edinburgh
2026-02-18T17:00,3.8,62,17.2,2026-02-18 00:01:03.577059,Edinburgh
2026-02-18T18:00,3.1,68,15.6,2026-02-18 00:01:03.577059,Edinburgh
2026-02-18T19:00,2.5,69,15.3,2026-02-18 00:01:03.577059,Edinburgh
2026-02-18T20:00,2.2,75,14.8,2026-02-18 00:01:03.577059,Edinburgh
2026-02-18T21:00,2.1,74,15.1,2026-02-18 00:01:03.577059,Edinburgh
2026-02-18T22:00,2.0,76,14.5,2026-02-18 00:01:03.577059,Edinburgh
2026-02-18T23:00,2.1,78,14.5,2026-02-18 00:01:03.577059,Edinburgh
2026-02-19T00:00,2.2,80,13.8,2026-02-18 00:01:03.577059,Edinburgh
2026-02-19T01:00,2.4,78,14.1,2026-02-18 00:01:03.577059,Edinburgh
2026-02-19T02:00,2.6,77,14.1,2026-02-18 00:01:03.577059,Edinburgh
2026-02-19T03:00,2.7,77,13.5,2026-02-18 00:01:03.577059,Edinburgh
2026-02-19T04:00,2.7,77,13.1,2026-02-18 00:01:03.577059,Edinburgh
2026-02-19T05:00,2.6,78,12.1,2026-02-18 00:01:03.577059,Edinburgh
2026-02-19T06:00,2.5,79,12.0,2026-02-18 00:01:03.577059,Edinburgh
2026-02-19T07:00,2.3,81,10.1,2026-02-18 00:01:03.577059,Edinburgh
2026-02-19T08:00,2.1,81,9.1,2026-02-18 00:01:03.577059,Edinburgh
2026-02-19T09:00,2.5,80,8.3,2026-02-18 00:01:03.577059,Edinburgh
2026-02-19T10:00,3.3,76,8.3,2026-02-18 00:01:03.577059,Edinburgh
2026-02-19T11:00,4.2,72,9.4,2026-02-18 00:01:03.577059,Edinburgh
2026-02-19T12:00,5.5,63,10.8,2026-02-18 00:01:03.577059,Edinburgh
2026-02-19T13:00,6.3,58,11.2,2026-02-18 00:01:03.577059,Edinburgh
2026-02-19T14:00,6.5,58,11.8,2026-02-18 00:01:03.577059,Edinburgh
2026-02-19T15:00,6.0,61,10.4,2026-02-18 00:01:03.577059,Edinburgh
2026-02-19T16:00,5.6,65,8.9,2026-02-18 00:01:03.577059,Edinburgh
2026-02-19T17:00,5.0,70,7.7,2026-02-18 00:01:03.577059,Edinburgh
2026-02-19T18:00,4.3,75,5.7,2026-02-18 00:01:03.577059,Edinburgh
2026-02-19T19:00,3.8,78,4.6,2026-02-18 00:01:03.577059,Edinburgh
2026-02-19T20:00,3.4,81,3.8,2026-02-18 00:01:03.577059,Edinburgh
2026-02-19T21:00,3.2,81,3.6,2026-02-18 00:01:03.577059,Edinburgh
2026-02-19T22:00,3.1,82,3.6,2026-02-18 00:01:03.577059,Edinburgh
2026-02-19T23:00,3.0,84,4.3,2026-02-18 00:01:03.577059,Edinburgh
2026-02-20T00:00,3.3,85,5.2,2026-02-18 00:01:03.577059,Edinburgh
2026-02-20T01:00,3.9,82,7.9,2026-02-18 00:01:03.577059,Edinburgh
2026-02-20T02:00,4.3,80,8.7,2026-02-18 00:01:03.577059,Edinburgh
2026-02-20T03:00,4.5,77,10.0,2026-02-18 00:01:03.577059,Edinburgh
2026-02-20T04:00,4.6,76,10.3,2026-02-18 00:01:03.577059,Edinburgh
2026-02-20T05:00,4.5,77,10.6,2026-02-18 00:01:03.577059,Edinburgh
2026-02-20T06:00,4.5,80,11.7,2026-02-18 00:01:03.577059,Edinburgh
2026-02-20T07:00,4.7,82,16.0,2026-02-18 00:01:03.577059,Edinburgh
2026-02-20T08:00,5.0,83,15.2,2026-02-18 00:01:03.577059,Edinburgh
2026-02-20T09:00,6.3,82,19.7,2026-02-18 00:01:03.577059,Edinburgh
2026-02-20T10:00,7.5,80,19.7,2026-02-18 00:01:03.577059,Edinburgh
2026-02-20T11:00,8.5,80,23.6,2026-02-18 00:01:03.577059,Edinburgh
2026-02-20T12:00,9.8,74,28.4,2026-02-18 00:01:03.577059,Edinburgh
2026-02-20T13:00,10.6,70,27.4,2026-02-18 00:01:03.577059,Edinburgh
2026-02-20T14:00,10.7,69,26.0,2026-02-18 00:01:03.577059,Edinburgh
2026-02-20T15:00,10.5,70,25.8,2026-02-18 00:01:03.577059,Edinburgh
2026-02-20T16:00,10.1,67,23.7,2026-02-18 00:01:03.577059,Edinburgh
2026-02-20T17:00,9.4,72,22.9,2026-02-18 00:01:03.577059,Edinburgh
2026-02-20T18:00,8.8,70,20.9,2026-02-18 00:01:03.577059,Edinburgh
2026-02-20T19:00,8.5,79,23.1,2026-02-18 00:01:03.577059,Edinburgh
2026-02-20T20:00,8.4,79,25.0,2026-02-18 00:01:03.577059,Edinburgh
2026-02-20T21:00,8.1,78,23.5,2026-02-18 00:01:03.577059,Edinburgh
2026-02-20T22:00,8.1,79,22.0,2026-02-18 00:01:03.577059,Edinburgh
2026-02-20T23:00,8.0,80,22.7,2026-02-18 00:01:03.577059,Edinburgh
2026-02-21T00:00,8.1,79,24.5,2026-02-18 00:01:03.577059,Edinburgh
2026-02-21T01:00,7.8,77,23.7,2026-02-18 00:01:03.577059,Edinburgh
2026-02-21T02:00,7.4,75,22.8,2026-02-18 00:01:03.577059,Edinburgh
2026-02-21T03:00,6.9,73,21.2,2026-02-18 00:01:03.577059,Edinburgh
2026-02-21T04:00,6.2,74,19.1,2026-02-18 00:01:03.577059,Edinburgh
2026-02-21T05:00,5.5,75,15.9,2026-02-18 00:01:03.577059,Edinburgh
2026-02-21T06:00,4.9,76,13.4,2026-02-18 00:01:03.577059,Edinburgh
2026-02-21T07:00,4.7,75,11.5,2026-02-18 00:01:03.577059,Edinburgh
2026-02-21T08:00,4.6,73,10.0,2026-02-18 00:01:03.577059,Edinburgh
2026-02-21T09:00,4.9,71,9.3,2026-02-18 00:01:03.577059,Edinburgh
2026-02-21T10:00,5.6,68,9.7,2026-02-18 00:01:03.577059,Edinburgh
2026-02-21T11:00,6.6,65,10.2,2026-02-18 00:01:03.577059,Edinburgh
2026-02-21T12:00,7.4,63,9.7,2026-02-18 00:01:03.577059,Edinburgh
2026-02-21T13:00,7.8,62,7.2,2026-02-18 00:01:03.577059,Edinburgh
2026-02-21T14:00,8.0,61,4.7,2026-02-18 00:01:03.577059,Edinburgh
2026-02-21T15:00,8.0,64,4.1,2026-02-18 00:01:03.577059,Edinburgh
2026-02-21T16:00,7.3,72,3.0,2026-02-18 00:01:03.577059,Edinburgh
2026-02-21T17:00,6.4,84,3.1,2026-02-18 00:01:03.577059,Edinburgh
2026-02-21T18:00,6.1,92,3.6,2026-02-18 00:01:03.577059,Edinburgh
2026-02-21T19:00,7.0,94,4.2,2026-02-18 00:01:03.577059,Edinburgh
2026-02-21T20:00,8.6,92,8.3,2026-02-18 00:01:03.577059,Edinburgh
2026-02-21T21:00,9.6,89,12.9,2026-02-18 00:01:03.577059,Edinburgh
2026-02-21T22:00,9.4,85,16.3,2026-02-18 00:01:03.577059,Edinburgh
2026-02-21T23:00,8.7,81,19.3,2026-02-18 00:01:03.577059,Edinburgh
2026-02-22T00:00,8.1,78,21.6,2026-02-18 00:01:03.577059,Edinburgh
2026-02-22T01:00,8.0,78,22.8,2026-02-18 00:01:03.577059,Edinburgh
2026-02-22T02:00,8.0,79,23.4,2026-02-18 00:01:03.577059,Edinburgh
2026-02-22T03:00,8.0,80,23.7,2026-02-18 00:01:03.577059,Edinburgh
2026-02-22T04:00,8.0,80,23.8,2026-02-18 00:01:03.577059,Edinburgh
2026-02-22T05:00,8.0,80,23.5,2026-02-18 00:01:03.577059,Edinburgh
2026-02-22T06:00,8.0,80,23.0,2026-02-18 00:01:03.577059,Edinburgh
2026-02-22T07:00,8.0,80,22.1,2026-02-18 00:01:03.577059,Edinburgh
2026-02-22T08:00,8.0,80,21.3,2026-02-18 00:01:03.577059,Edinburgh
2026-02-22T09:00,8.2,79,21.0,2026-02-18 00:01:03.577059,Edinburgh
2026-02-22T10:00,8.7,75,22.2,2026-02-18 00:01:03.577059,Edinburgh
2026-02-22T11:00,9.5,71,24.2,2026-02-18 00:01:03.577059,Edinburgh
2026-02-22T12:00,10.0,67,25.5,2026-02-18 00:01:03.577059,Edinburgh
2026-02-22T13:00,10.3,66,25.8,2026-02-18 00:01:03.577059,Edinburgh
2026-02-22T14:00,10.5,66,24.9,2026-02-18 00:01:03.577059,Edinburgh
2026-02-22T15:00,10.4,67,23.4,2026-02-18 00:01:03.577059,Edinburgh
2026-02-22T16:00,9.9,71,20.7,2026-02-18 00:01:03.577059,Edinburgh
2026-02-22T17:00,9.2,76,17.3,2026-02-18 00:01:03.577059,Edinburgh
2026-02-22T18:00,8.7,80,15.3,2026-02-18 00:01:03.577059,Edinburgh
2026-02-22T19:00,8.7,79,22.2,2026-02-18 00:01:03.577059,Edinburgh
2026-02-22T20:00,8.5,83,22.3,2026-02-18 00:01:03.577059,Edinburgh
2026-02-22T21:00,8.2,85,22.4,2026-02-18 00:01:03.577059,Edinburgh
2026-02-22T22:00,7.7,85,22.4,2026-02-18 00:01:03.577059,Edinburgh
2026-02-22T23:00,7.2,83,22.9,2026-02-18 00:01:03.577059,Edinburgh
2026-02-23T00:00,6.9,81,23.5,2026-02-18 00:01:03.577059,Edinburgh
2026-02-23T01:00,6.8,80,23.9,2026-02-18 00:01:03.577059,Edinburgh
2026-02-23T02:00,7.0,80,24.0,2026-02-18 00:01:03.577059,Edinburgh
2026-02-23T03:00,7.1,80,24.9,2026-02-18 00:01:03.577059,Edinburgh
2026-02-23T04:00,7.2,80,25.6,2026-02-18 00:01:03.577059,Edinburgh
2026-02-23T05:00,7.2,79,26.7,2026-02-18 00:01:03.577059,Edinburgh
2026-02-23T06:00,7.3,79,27.3,2026-02-18 00:01:03.577059,Edinburgh
2026-02-23T07:00,7.4,79,27.3,2026-02-18 00:01:03.577059,Edinburgh
2026-02-23T08:00,7.6,79,27.3,2026-02-18 00:01:03.577059,Edinburgh
2026-02-23T09:00,7.9,78,27.5,2026-02-18 00:01:03.577059,Edinburgh
2026-02-23T10:00,8.4,76,28.2,2026-02-18 00:01:03.577059,Edinburgh
2026-02-23T11:00,9.0,74,29.3,2026-02-18 00:01:03.577059,Edinburgh
2026-02-23T12:00,9.5,71,30.3,2026-02-18 00:01:03.577059,Edinburgh
2026-02-23T13:00,10.0,68,30.5,2026-02-18 00:01:03.577059,Edinburgh
2026-02-23T14:00,10.5,65,30.5,2026-02-18 00:01:03.577059,Edinburgh
2026-02-23T15:00,10.6,64,29.7,2026-02-18 00:01:03.577059,Edinburgh
2026-02-23T16:00,10.2,66,27.3,2026-02-18 00:01:03.577059,Edinburgh
2026-02-23T17:00,9.5,69,24.3,2026-02-18 00:01:03.577059,Edinburgh
2026-02-23T18:00,8.8,73,21.9,2026-02-18 00:01:03.577059,Edinburgh
2026-02-23T19:00,8.4,76,20.0,2026-02-18 00:01:03.577059,Edinburgh
2026-02-23T20:00,8.2,79,18.2,2026-02-18 00:01:03.577059,Edinburgh
2026-02-23T21:00,8.1,81,16.5,2026-02-18 00:01:03.577059,Edinburgh
2026-02-23T22:00,8.3,82,14.6,2026-02-18 00:01:03.577059,Edinburgh
2026-02-23T23:00,8.6,82,12.2,2026-02-18 00:01:03.577059,Edinburgh
2026-02-24T00:00,9.0,82,11.0,2026-02-18 00:01:03.577059,Edinburgh
2026-02-24T01:00,9.5,83,11.4,2026-02-18 00:01:03.577059,Edinburgh
2026-02-24T02:00,9.9,85,12.3,2026-02-18 00:01:03.577059,Edinburgh
2026-02-24T03:00,10.3,87,13.5,2026-02-18 00:01:03.577059,Edinburgh
2026-02-24T04:00,10.6,88,14.0,2026-02-18 00:01:03.577059,Edinburgh
2026-02-24T05:00,10.9,90,14.5,2026-02-18 00:01:03.577059,Edinburgh
2026-02-24T06:00,11.1,90,14.8,2026-02-18 00:01:03.577059,Edinburgh
2026-02-24T07:00,11.2,89,15.1,2026-02-18 00:01:03.577059,Edinburgh
2026-02-24T08:00,11.4,87,15.4,2026-02-18 00:01:03.577059,Edinburgh
2026-02-24T09:00,11.6,85,15.8,2026-02-18 00:01:03.577059,Edinburgh
2026-02-24T10:00,12.0,82,15.9,2026-02-18 00:01:03.577059,Edinburgh
2026-02-24T11:00,12.6,77,16.3,2026-02-18 00:01:03.577059,Edinburgh
2026-02-24T12:00,13.0,74,16.9,2026-02-18 00:01:03.577059,Edinburgh
2026-02-24T13:00,13.1,72,18.8,2026-02-18 00:01:03.577059,Edinburgh
2026-02-24T14:00,13.1,71,21.6,2026-02-18 00:01:03.577059,Edinburgh
2026-02-24T15:00,13.0,70,23.0,2026-02-18 00:01:03.577059,Edinburgh
2026-02-24T16:00,12.6,70,22.7,2026-02-18 00:01:03.577059,Edinburgh
2026-02-24T17:00,12.1,72,21.7,2026-02-18 00:01:03.577059,Edinburgh
2026-02-24T18:00,11.7,73,20.4,2026-02-18 00:01:03.577059,Edinburgh
2026-02-24T19:00,11.5,74,18.6,2026-02-18 00:01:03.577059,Edinburgh
2026-02-24T20:00,11.5,76,16.7,2026-02-18 00:01:03.577059,Edinburgh
2026-02-24T21:00,11.4,77,14.8,2026-02-18 00:01:03.577059,Edinburgh
2026-02-24T22:00,11.3,78,13.0,2026-02-18 00:01:03.577059,Edinburgh
2026-02-24T23:00,11.3,78,11.7,2026-02-18 00:01:03.577059,Edinburgh
